INDEX,RESP_THORAX,RESP_ABDOMEN,ACC_VERTICAL,ACC_HORIZONTAL
0,29888.0,28796.0,27364.0,32896.0
1,29912.0,28984.0,27356.0,32896.0
2,29960.0,29060.0,27344.0,32872.0
3,30016.0,29472.0,27338.0,32824.0
4,30112.0,29800.0,27344.0,32840.0
5,30080.0,29968.0,27348.0,32844.0
6,29880.0,30248.0,27344.0,32872.0
7,29852.0,30488.0,27368.0,32832.0
8,30072.0,30476.0,27340.0,32832.0
9,30328.0,30628.0,27340.0,32824.0
10,30392.0,30592.0,27340.0,32826.0
11,30428.0,30234.0,27344.0,32840.0
12,30440.0,29616.0,27352.0,32832.0
13,30352.0,28944.0,27356.0,32872.0
14,30216.0,28648.0,27320.0,32840.0
15,30144.0,28408.0,27308.0,32888.0
16,30144.0,28092.0,27376.0,32892.0
17,30208.0,27716.0,27392.0,32772.0
18,30336.0,27304.0,27400.0,32704.0
19,30512.0,26944.0,27220.0,32776.0
20,30660.0,26808.0,27376.0,33020.0
21,30840.0,26657.0,27344.0,32784.0
22,31168.0,26560.0,27328.0,32780.0
23,31504.0,26664.0,27344.0,32676.0
24,31780.0,26788.0,27324.0,32864.0
25,31976.0,26828.0,27348.0,32880.0
26,32076.0,26788.0,27376.0,32856.0
27,32172.0,26674.0,27360.0,32792.0
28,32388.0,26436.0,27356.0,32868.0
29,32708.0,26264.0,27368.0,32936.0
30,32872.0,26040.0,27368.0,32940.0
31,32640.0,25648.0,27328.0,32868.0
32,32020.0,25224.0,27348.0,32836.0
33,31200.0,24776.0,27356.0,32936.0
34,30380.0,24228.0,27196.0,32776.0
35,29856.0,23756.0,27316.0,32700.0
36,29364.0,23904.0,27352.0,32849.0
37,28716.0,24720.0,27384.0,33196.0
38,28024.0,25820.0,27328.0,32616.0
39,27328.0,26816.0,27324.0,32848.0
40,26648.0,27800.0,27352.0,32948.0
41,26032.0,28920.0,27392.0,32916.0
42,25668.0,30888.0,27392.0,32196.0
43,25640.0,32953.0,27340.0,32784.0
44,25812.0,34920.0,27328.0,32944.0
45,25748.0,36696.0,27272.0,32924.0
46,25208.0,38408.0,27256.0,32748.0
47,24428.0,39952.0,27328.0,33148.0
48,23720.0,41704.0,27384.0,33184.0
49,23376.0,43316.0,27248.0,32880.0
50,23420.0,44880.0,27324.0,33288.0
51,23928.0,46208.0,27336.0,33232.0
52,24644.0,47776.0,27240.0,33208.0
53,25252.0,49328.0,27296.0,33224.0
54,25904.0,50680.0,27028.0,33120.0
55,26564.0,52064.0,26748.0,33272.0
56,27152.0,53420.0,26872.0,33260.0
57,27776.0,54640.0,27016.0,33356.0
58,28396.0,55620.0,26720.0,33492.0
59,29100.0,56524.0,26444.0,33216.0
60,29984.0,57648.0,26428.0,33336.0
61,30920.0,58520.0,26300.0,33384.0
62,31544.0,58120.0,26340.0,33472.0
63,31664.0,58088.0,25832.0,33252.0
64,31880.0,57644.0,25076.0,32864.0
65,32736.0,54604.0,23376.0,31688.0
66,34088.0,51408.0,23544.0,31952.0
67,34984.0,48080.0,22672.0,34072.0
68,35448.0,42592.0,23788.0,33288.0
69,36064.0,36992.0,21184.0,33880.0
70,37360.0,32600.0,25728.0,30212.0
71,39480.0,30364.0,27064.0,32032.0
72,41988.0,28576.0,26704.0,30632.0
73,44168.0,26088.0,28288.0,31796.0
74,45532.0,23984.0,28344.0,33984.0
75,46216.0,23276.0,27992.0,34828.0
76,46808.0,24088.0,27972.0,35568.0
77,47592.0,25428.0,28768.0,35416.0
78,48376.0,27120.0,28512.0,35880.0
79,48936.0,30236.0,27832.0,35548.0
80,49196.0,34540.0,28224.0,34528.0
81,49264.0,38824.0,29572.0,33904.0
82,48944.0,41980.0,29876.0,33021.0
83,48504.0,44648.0,29840.0,33408.0
84,48672.0,47140.0,29392.0,34200.0
85,49352.0,49404.0,28548.0,35612.0
86,49720.0,51352.0,28680.0,36928.0
87,50024.0,53104.0,28720.0,37136.0
88,50312.0,54708.0,28364.0,37740.0
89,50584.0,55416.0,28452.0,38888.0
90,50832.0,55628.0,28536.0,40120.0
91,51072.0,56560.0,27800.0,40344.0
92,51496.0,57696.0,27298.0,40136.0
93,52280.0,58240.0,27988.0,39568.0
94,53248.0,58800.0,26628.0,40016.0
95,53900.0,59960.0,25184.0,40304.0
96,54112.0,59840.0,27224.0,37232.0
97,53776.0,59248.0,30176.0,34544.0
98,52064.0,57784.0,33024.0,31948.0
99,48808.0,55368.0,36744.0,27956.0
100,44680.0,54848.0,17056.0,55504.0
101,40008.0,56416.0,25308.0,29964.0
102,35112.0,57064.0,27316.0,31324.0
103,30720.0,51232.0,25572.0,28196.0
104,27168.0,44296.0,29220.0,34728.0
105,27032.0,41624.0,28128.0,33312.0
106,30040.0,44932.0,27668.0,32672.0
107,32472.0,46156.0,28000.0,33220.0
108,32408.0,44588.0,27012.0,32956.0
109,29996.0,41476.0,26000.0,32680.0
110,26796.0,36960.0,26540.0,32964.0
111,24624.0,32228.0,27204.0,32516.0
112,23840.0,28832.0,26868.0,32852.0
113,23920.0,25872.0,28152.0,32692.0
114,24080.0,22728.0,28064.0,33336.0
115,23528.0,20040.0,28072.0,33504.0
116,22000.0,17600.0,27452.0,33252.0
117,20244.0,15488.0,27488.0,33444.0
118,19572.0,13596.0,27296.0,33352.0
119,21064.0,11908.0,26440.0,33224.0
120,23512.0,10560.0,26492.0,33464.0
121,25480.0,9364.0,26048.0,33288.0
122,26384.0,8872.0,25256.0,32200.0
123,26960.0,7848.0,26128.0,33132.0
124,27520.0,6834.0,26340.0,32824.0
125,28456.0,6131.0,26736.0,32812.0
126,30252.0,6726.0,24882.0,32176.0
127,32960.0,6220.0,23676.0,33920.0
128,36076.0,5504.0,22052.0,35928.0
129,39376.0,6269.0,22920.0,36840.0
130,42360.0,7148.0,23104.0,38168.0
131,45044.0,7864.0,21552.0,37932.0
132,47492.0,8402.0,24028.0,37264.0
133,49480.0,9321.0,24404.0,37144.0
134,50280.0,8684.0,25828.0,36084.0
135,49952.0,8672.0,27912.0,34720.0
136,49248.0,9778.0,29376.0,32056.0
137,48464.0,12192.0,30152.0,30736.0
138,46984.0,14121.0,30928.0,30248.0
139,44592.0,16120.0,31872.0,28740.0
140,41488.0,17336.0,32736.0,29426.0
141,38004.0,18657.0,32672.0,29928.0
142,34912.0,20594.0,32208.0,29584.0
143,32856.0,23512.0,32480.0,30824.0
144,31716.0,26552.0,31828.0,31168.0
145,31468.0,29952.0,31528.0,32580.0
146,32720.0,32592.0,30664.0,34312.0
147,34848.0,35360.0,29364.0,36216.0
148,37560.0,37080.0,27424.0,38612.0
149,40992.0,38264.0,27008.0,42080.0
150,44040.0,40364.0,27244.0,42668.0
151,46136.0,42312.0,28708.0,41728.0
152,47296.0,43880.0,25188.0,53728.0
153,47740.0,44684.0,29352.0,22976.0
154,46676.0,43952.0,29424.0,39596.0
155,43840.0,42600.0,20460.0,27644.0
156,39312.0,39744.0,25876.0,33504.0
157,34248.0,35600.0,27432.0,33744.0
158,29792.0,31640.0,27376.0,33820.0
159,26568.0,28460.0,27392.0,33596.0
160,25960.0,26576.0,27348.0,33556.0
161,28540.0,26160.0,27196.0,33452.0
162,32534.0,26840.0,27236.0,33028.0
163,35704.0,28024.0,27404.0,33312.0
164,36536.0,29184.0,27376.0,32768.0
165,35232.0,29940.0,27512.0,32680.0
166,33456.0,29672.0,27448.0,33352.0
167,32680.0,28476.0,27352.0,32880.0
168,32972.0,26620.0,27396.0,32060.0
169,33088.0,24552.0,27336.0,32192.0
170,32944.0,22388.0,27220.0,31832.0
171,32916.0,19504.0,27272.0,33088.0
172,33184.0,16960.0,26962.0,33232.0
173,33968.0,14792.0,26396.0,32416.0
174,35504.0,13040.0,26072.0,32880.0
175,37284.0,11440.0,25924.0,33360.0
176,38592.0,10116.0,25768.0,32776.0
177,39360.0,9252.0,25852.0,33560.0
178,40000.0,9018.0,25276.0,32648.0
179,40728.0,9916.0,24556.0,31312.0
180,41408.0,13004.0,25312.0,30692.0
181,42736.0,17552.0,24196.0,31488.0
182,44920.0,22760.0,22048.0,40212.0
183,47176.0,27184.0,18856.0,40848.0
184,48416.0,31560.0,20506.0,43420.0
185,48392.0,34596.0,21624.0,36692.0
186,47980.0,36844.0,22876.0,35576.0
187,48864.0,39602.0,24776.0,35888.0
188,50760.0,42368.0,26312.0,32400.0
189,52460.0,44072.0,28564.0,28692.0
190,52992.0,44448.0,30628.0,27584.0
191,51824.0,43764.0,31940.0,27804.0
192,49680.0,43592.0,32744.0,26984.0
193,46952.0,44016.0,33344.0,27968.0
194,44308.0,44200.0,33132.0,28568.0
195,42956.0,44744.0,32672.0,28980.0
196,43504.0,45980.0,32484.0,30784.0
197,45964.0,47688.0,30964.0,32428.0
198,48648.0,50088.0,30436.0,34512.0
199,50892.0,51832.0,28320.0,37312.0
200,52824.0,53556.0,27160.0,39744.0
201,54392.0,55024.0,28480.0,42432.0
202,55696.0,56192.0,26108.0,48792.0
203,56492.0,56376.0,23240.0,53164.0
204,56008.0,56100.0,31552.0,31904.0
205,53888.0,54584.0,33272.0,36396.0
206,50488.0,50312.0,28880.0,31290.0
207,45416.0,44936.0,19392.0,27872.0
208,39744.0,39360.0,27748.0,35280.0
209,34924.0,34416.0,26988.0,33180.0
210,31530.0,30896.0,27752.0,33816.0
211,30444.0,28224.0,27312.0,33424.0
212,31804.0,26600.0,27352.0,33524.0
213,33856.0,25588.0,27188.0,33216.0
214,34556.0,25656.0,27328.0,33280.0
215,33848.0,26704.0,27536.0,33244.0
216,32434.0,28064.0,27432.0,32848.0
217,30968.0,29336.0,27428.0,33152.0
218,29852.0,30452.0,27372.0,33080.0
219,29160.0,31880.0,27184.0,32612.0
220,28688.0,33336.0,27308.0,32760.0
221,28376.0,33176.0,27024.0,33136.0
222,28532.0,31864.0,26720.0,33104.0
223,29704.0,29640.0,26148.0,33048.0
224,32136.0,26746.0,25912.0,33020.0
225,35496.0,23336.0,26148.0,32912.0
226,38328.0,20512.0,25476.0,33504.0
227,39936.0,19160.0,25408.0,32988.0
228,40424.0,18792.0,26288.0,33220.0
229,40000.0,18224.0,24944.0,31816.0
230,39712.0,18906.0,25269.0,31712.0
231,41116.0,23916.0,23404.0,32776.0
232,44032.0,29628.0,22640.0,37560.0
233,46696.0,32120.0,20736.0,39432.0
234,48740.0,34272.0,21744.0,43880.0
235,49216.0,35660.0,21660.0,38728.0
236,48340.0,35912.0,23972.0,37492.0
237,47312.0,36400.0,25632.0,36992.0
238,46544.0,37184.0,26476.0,33776.0
239,45864.0,38168.0,27980.0,29252.0
240,44872.0,38420.0,31284.0,27968.0
241,43128.0,36596.0,32472.0,28000.0
242,40436.0,33736.0,32556.0,27008.0
243,37064.0,31684.0,32932.0,27786.0
244,33864.0,30600.0,32544.0,28433.0
245,32004.0,31328.0,32112.0,29120.0
246,31964.0,33568.0,31964.0,30124.0
247,33256.0,37176.0,31412.0,31760.0
248,35720.0,41020.0,30228.0,33872.0
249,39104.0,44088.0,28716.0,35948.0
250,42536.0,46856.0,28136.0,37992.0
251,45428.0,48896.0,27644.0,40048.0
252,47936.0,51176.0,24888.0,48604.0
253,50020.0,52912.0,18728.0,54736.0
254,51304.0,54528.0,30000.0,27856.0
255,51512.0,55352.0,34776.0,36512.0
256,49816.0,55072.0,15842.0,27340.0
257,46184.0,51216.0,29856.0,35976.0
258,41672.0,46024.0,25960.0,31968.0
259,36720.0,43032.0,27724.0,34120.0
260,32084.0,40560.0,27176.0,33024.0
261,28348.0,37949.0,27376.0,33308.0
262,26896.0,36288.0,27308.0,33268.0
263,27948.0,35824.0,27240.0,33052.0
264,29840.0,36204.0,27312.0,33024.0
265,31016.0,37468.0,27424.0,32936.0
266,31468.0,39336.0,27412.0,33000.0
267,30880.0,41624.0,27328.0,32904.0
268,29704.0,43808.0,27464.0,32712.0
269,28692.0,46048.0,27360.0,32736.0
270,28216.0,47808.0,27352.0,32652.0
271,28288.0,48696.0,27396.0,32488.0
272,28728.0,49148.0,27220.0,32576.0
273,29480.0,49648.0,27072.0,32808.0
274,30416.0,50112.0,26992.0,33008.0
275,31060.0,50720.0,26708.0,32980.0
276,31376.0,51732.0,26560.0,33588.0
277,31784.0,52812.0,26368.0,33404.0
278,32692.0,54420.0,26432.0,33780.0
279,34312.0,55760.0,25860.0,33472.0
280,36444.0,55456.0,25776.0,33120.0
281,38808.0,52224.0,24280.0,32268.0
282,41008.0,48168.0,24800.0,31964.0
283,42584.0,44304.0,23992.0,31272.0
284,43616.0,41120.0,22172.0,34000.0
285,44132.0,38144.0,21400.0,41456.0
286,43308.0,36920.0,23108.0,38356.0
287,41440.0,37428.0,22006.0,37868.0
288,39876.0,37188.0,24192.0,35672.0
289,39548.0,36780.0,25376.0,35628.0
290,40316.0,36636.0,26312.0,35720.0
291,41144.0,35804.0,27700.0,32004.0
292,41008.0,34400.0,28640.0,29688.0
293,39456.0,32172.0,30220.0,30584.0
294,37560.0,29540.0,30760.0,29908.0
295,36264.0,27204.0,31840.0,29064.0
296,35896.0,25150.0,32320.0,30112.0
297,36204.0,23848.0,31840.0,29528.0
298,36580.0,22688.0,32412.0,29978.0
299,36532.0,21232.0,32508.0,30984.0
300,36368.0,20436.0,32128.0,31552.0
301,36664.0,21220.0,31500.0,33952.0
302,37984.0,22924.0,29848.0,35796.0
303,40344.0,24864.0,28640.0,37428.0
304,42976.0,27040.0,29304.0,39692.0
305,44960.0,29220.0,29620.0,40208.0
306,45752.0,30936.0,19784.0,55080.0
307,45504.0,32640.0,34448.0,48408.0
308,44664.0,34568.0,31500.0,31700.0
309,43340.0,35556.0,25152.0,29340.0
310,41224.0,33164.0,22936.0,30708.0
311,37672.0,29372.0,27918.0,34948.0
312,33336.0,26192.0,27104.0,33600.0
313,29036.0,23748.0,27648.0,33952.0
314,25836.0,21632.0,27416.0,33546.0
315,24452.0,19614.0,27348.0,33680.0
316,24312.0,17676.0,27084.0,33376.0
317,23872.0,16328.0,26784.0,33192.0
318,23080.0,14634.0,27400.0,33240.0
319,22625.0,12768.0,27260.0,33068.0
320,22380.0,11288.0,27420.0,33128.0
321,21584.0,9837.0,27232.0,32924.0
322,20448.0,8730.0,27344.0,33104.0
323,19656.0,7933.0,27372.0,33212.0
324,19784.0,7752.0,27320.0,33084.0
325,21136.0,9416.0,27428.0,33228.0
326,23592.0,11482.0,27276.0,33288.0
327,26608.0,12448.0,27044.0,33241.0
328,29280.0,13124.0,26772.0,33152.0
329,31584.0,13744.0,26348.0,33152.0
330,33404.0,13320.0,25904.0,33132.0
331,34336.0,11420.0,25216.0,33576.0
332,35012.0,9670.0,25284.0,33100.0
333,36344.0,8406.0,25276.0,32840.0
334,37872.0,7285.0,25280.0,32624.0
335,38516.0,6322.0,24472.0,31112.0
336,38632.0,5589.0,25224.0,31472.0
337,39528.0,6548.0,22520.0,33148.0
338,40572.0,10228.0,22540.0,36216.0
339,40660.0,13960.0,22476.0,39712.0
340,39452.0,15921.0,23704.0,39960.0
341,37336.0,16916.0,23060.0,38892.0
342,35688.0,18242.0,25508.0,36276.0
343,35928.0,20780.0,26752.0,33380.0
344,37472.0,23868.0,27852.0,31736.0
345,38488.0,27536.0,29264.0,29204.0
346,38688.0,31404.0,29992.0,27396.0
347,38472.0,35720.0,30124.0,27288.0
348,37808.0,39344.0,29980.0,26712.0
349,36184.0,42788.0,29592.0,26212.0
350,33932.0,45604.0,29860.0,27684.0
351,31880.0,48016.0,28988.0,28364.0
352,30376.0,50080.0,27920.0,29076.0
353,29380.0,52016.0,27560.0,30820.0
354,28712.0,53560.0,26636.0,31360.0
355,28224.0,54744.0,25020.0,31068.0
356,28104.0,55952.0,24720.0,32720.0
357,28936.0,56976.0,23528.0,32864.0
358,30964.0,57580.0,22536.0,33440.0
359,33400.0,57960.0,22372.0,35928.0
360,35144.0,57872.0,20628.0,37336.0
361,35880.0,57296.0,20860.0,39548.0
362,35896.0,57452.0,22368.0,41528.0
363,36164.0,58000.0,25588.0,44448.0
364,37496.0,58320.0,25780.0,42848.0
365,39552.0,57480.0,27232.0,42280.0
366,41492.0,56192.0,22080.0,21092.0
367,42432.0,54392.0,26904.0,44184.0
368,42528.0,51568.0,25340.0,33610.0
369,41944.0,48464.0,26306.0,34100.0
370,39760.0,45400.0,28044.0,33324.0
371,35784.0,43400.0,27116.0,33904.0
372,30968.0,41768.0,27072.0,33464.0
373,27504.0,41416.0,27232.0,33040.0
374,27256.0,42496.0,27256.0,32880.0
375,29724.0,42264.0,27360.0,32656.0
376,32048.0,42112.0,27440.0,32188.0
377,32264.0,42296.0,27460.0,32280.0
378,30600.0,42296.0,27492.0,32532.0
379,28652.0,42128.0,27468.0,32272.0
380,27600.0,41068.0,27440.0,32424.0
381,28140.0,39968.0,27400.0,32464.0
382,30217.0,38760.0,27008.0,33060.0
383,33184.0,36704.0,27216.0,33180.0
384,35904.0,35220.0,27144.0,33080.0
385,37832.0,34496.0,27092.0,32944.0
386,39092.0,34004.0,27016.0,33128.0
387,40096.0,33672.0,26756.0,33044.0
388,41336.0,33464.0,26252.0,32560.0
389,43200.0,33312.0,25640.0,32952.0
390,45624.0,33148.0,25516.0,33128.0
391,48004.0,32864.0,24200.0,32788.0
392,49856.0,32188.0,21880.0,30920.0
393,51136.0,31212.0,20568.0,29548.0
394,52092.0,30740.0,19768.0,26944.0
395,53472.0,32136.0,18932.0,31540.0
396,54904.0,36088.0,21820.0,34960.0
397,56088.0,39772.0,29624.0,28856.0
398,56856.0,39712.0,31560.0,34240.0
399,56736.0,38840.0,28652.0,26680.0
400,55512.0,39888.0,29828.0,28532.0
401,53840.0,41388.0,31188.0,30928.0
402,52192.0,42568.0,30112.0,31356.0
403,49928.0,42984.0,29292.0,30912.0
404,46224.0,44232.0,28736.0,31732.0
405,41312.0,46608.0,26884.0,36684.0
406,37048.0,49072.0,27552.0,33340.0
407,34588.0,51160.0,25640.0,30444.0
408,33128.0,52976.0,26452.0,34132.0
409,31880.0,54252.0,25332.0,33528.0
410,30892.0,54328.0,24528.0,33856.0
411,30160.0,53440.0,24352.0,34520.0
412,29680.0,52392.0,23284.0,34952.0
413,29296.0,51744.0,24452.0,37544.0
414,28776.0,50916.0,23848.0,38720.0
415,28256.0,50732.0,23880.0,40496.0
416,28120.0,51952.0,24912.0,41172.0
417,28840.0,53784.0,27112.0,41588.0
418,30368.0,54992.0,30784.0,41728.0
419,32404.0,56784.0,28608.0,35616.0
420,34104.0,57976.0,21748.0,30476.0
421,34528.0,58928.0,23056.0,34772.0
422,33424.0,59540.0,27332.0,33816.0
423,31132.0,57800.0,27760.0,34080.0
424,27448.0,54520.0,27192.0,33716.0
425,23988.0,52056.0,27076.0,33068.0
426,21792.0,52376.0,27000.0,33216.0
427,22876.0,54448.0,27320.0,32976.0
428,26044.0,56128.0,27436.0,32920.0
429,28448.0,56456.0,27420.0,32888.0
430,28824.0,54264.0,27336.0,32912.0
431,27336.0,51300.0,27308.0,32644.0
432,25184.0,50372.0,27440.0,32772.0
433,24140.0,49696.0,27376.0,32596.0
434,25006.0,49016.0,27276.0,32788.0
435,26944.0,47968.0,27284.0,33040.0
436,28728.0,46288.0,27076.0,32592.0
437,29504.0,44644.0,26732.0,32808.0
438,29684.0,43852.0,26620.0,33108.0
439,30536.0,43744.0,26496.0,32864.0
440,31924.0,43416.0,26233.0,32716.0
441,33044.0,42584.0,25700.0,33144.0
442,34048.0,42228.0,25868.0,33196.0
443,35272.0,42800.0,26312.0,33020.0
444,36920.0,43192.0,26420.0,33008.0
445,39120.0,42096.0,25476.0,32000.0
446,41720.0,37864.0,25192.0,32200.0
447,44608.0,33240.0,23584.0,34384.0
448,46864.0,29056.0,21632.0,35696.0
449,47712.0,25388.0,22624.0,39296.0
450,47128.0,22721.0,23572.0,42440.0
451,46648.0,22072.0,21376.0,38884.0
452,47696.0,22500.0,24608.0,37944.0
453,49692.0,23824.0,25744.0,37528.0
454,51180.0,25348.0,26180.0,34880.0
455,51288.0,27520.0,27736.0,31160.0
456,50480.0,29104.0,29724.0,28872.0
457,50008.0,29818.0,31496.0,29328.0
458,50424.0,30236.0,32072.0,26528.0
459,51384.0,31508.0,32968.0,27320.0
460,52440.0,32740.0,33012.0,28504.0
461,52872.0,35416.0,32200.0,28896.0
462,52704.0,39240.0,31908.0,29924.0
463,52736.0,42684.0,31968.0,31864.0
464,53192.0,45504.0,30860.0,33452.0
465,53944.0,47996.0,29764.0,34896.0
466,54952.0,50056.0,28140.0,36760.0
467,56176.0,52096.0,27552.0,38344.0
468,57004.0,53616.0,21932.0,49856.0
469,57184.0,54968.0,22264.0,55404.0
470,56696.0,55872.0,32712.0,32680.0
471,55964.0,56548.0,29580.0,38708.0
472,55168.0,56168.0,27948.0,32904.0
473,54448.0,54912.0,22156.0,29896.0
474,53408.0,52452.0,27840.0,34992.0
475,51256.0,50864.0,27072.0,33628.0
476,48080.0,49512.0,27576.0,33812.0
477,45040.0,47392.0,27360.0,33524.0
478,42984.0,45100.0,27364.0,33840.0
479,41728.0,43424.0,27280.0,33508.0
480,40744.0,41608.0,27116.0,33448.0
481,39496.0,40576.0,27376.0,33504.0
482,37956.0,39824.0,27456.0,33496.0
483,36536.0,38592.0,27424.0,33264.0
484,35016.0,37428.0,27024.0,32576.0
485,33096.0,36724.0,27440.0,32972.0
486,31172.0,36736.0,27484.0,32960.0
487,29736.0,37412.0,27304.0,33484.0
488,29076.0,37296.0,26944.0,33192.0
489,29280.0,35736.0,26560.0,32864.0
490,30432.0,33652.0,26688.0,33036.0
491,32204.0,31236.0,25996.0,33452.0
492,34088.0,28288.0,26288.0,33528.0
493,35844.0,25480.0,25272.0,33056.0
494,37328.0,22976.0,25248.0,32756.0
495,37748.0,19936.0,24752.0,32417.0
496,37500.0,17564.0,25316.0,32484.0
497,38080.0,15700.0,25300.0,31732.0
498,40096.0,17028.0,21976.0,34080.0
499,43304.0,17656.0,22532.0,42460.0
500,45840.0,16530.0,20964.0,38496.0
501,46192.0,14145.0,21848.0,43328.0
502,44560.0,12650.0,22976.0,37964.0
503,43136.0,11542.0,24128.0,36512.0
504,42460.0,12848.0,25768.0,36544.0
505,41696.0,14541.0,26944.0,33608.0
506,39948.0,16136.0,28180.0,30616.0
507,37308.0,17936.0,29716.0,29924.0
508,34121.0,20320.0,30476.0,28436.0
509,31204.0,22676.0,31692.0,27312.0
510,29648.0,24736.0,32788.0,28384.0
511,29240.0,26012.0,32768.0,29116.0
512,29504.0,27072.0,32112.0,28816.0
513,30444.0,28572.0,32724.0,30236.0
514,31892.0,29952.0,32096.0,31032.0
515,33524.0,30828.0,31616.0,32186.0
516,35728.0,32080.0,31004.0,34336.0
517,39080.0,34272.0,29108.0,36592.0
518,42472.0,37368.0,28280.0,39072.0
519,45184.0,40164.0,28528.0,39848.0
520,46136.0,42504.0,31384.0,38000.0
521,44624.0,45228.0,45796.0,41864.0
522,40980.0,47752.0,24840.0,19792.0
523,36112.0,49432.0,27104.0,31292.0
524,31364.0,47832.0,22200.0,32764.0
525,27344.0,45140.0,27856.0,34560.0
526,24908.0,42400.0,27312.0,33380.0
527,23016.0,38456.0,27380.0,33620.0
528,20584.0,33416.0,27432.0,33456.0
529,18140.0,29000.0,27332.0,33456.0
530,16252.0,26016.0,26972.0,33152.0
531,15516.0,24844.0,27200.0,33052.0
532,15824.0,24072.0,27460.0,32842.0
533,16640.0,23084.0,27328.0,32584.0
534,16896.0,21880.0,27332.0,33124.0
535,16358.0,20884.0,27352.0,33056.0
536,15476.0,19948.0,27360.0,32556.0
537,14816.0,19864.0,27288.0,32600.0
538,14721.0,20544.0,27240.0,32624.0
539,16068.0,21160.0,27192.0,32544.0
540,18512.0,20866.0,27000.0,33452.0
541,20612.0,18802.0,26656.0,33640.0
542,21952.0,16360.0,26028.0,32744.0
543,22988.0,14284.0,25716.0,33484.0
544,24220.0,12642.0,26364.0,33316.0
545,25572.0,10990.0,25536.0,32936.0
546,26976.0,9609.0,25716.0,33072.0
547,28224.0,8749.0,25456.0,32416.0
548,29608.0,8092.0,24512.0,30868.0
549,31828.0,10584.0,24364.0,30852.0
550,34548.0,13382.0,22224.0,37716.0
551,36480.0,15937.0,22408.0,38704.0
552,37752.0,18190.0,24768.0,40648.0
553,38964.0,21616.0,22700.0,39540.0
554,40948.0,25728.0,24048.0,36952.0
555,43832.0,30080.0,26080.0,37928.0
556,46356.0,33584.0,26292.0,36536.0
557,47208.0,36076.0,27224.0,34380.0
558,45160.0,37528.0,28844.0,31660.0
559,40840.0,38556.0,29464.0,29560.0
560,35588.0,39584.0,30032.0,29436.0
561,31264.0,41280.0,30476.0,28938.0
562,29352.0,43888.0,32032.0,28176.0
563,30584.0,45536.0,32480.0,29332.0
564,34152.0,46632.0,32096.0,29824.0
565,38384.0,47544.0,31704.0,30072.0
566,41888.0,49928.0,32104.0,31432.0
567,44852.0,51880.0,31488.0,32752.0
568,47424.0,52512.0,30648.0,34912.0
569,49568.0,52520.0,29272.0,37448.0
570,51456.0,53328.0,28408.0,39568.0
571,53112.0,55068.0,28800.0,41736.0
572,54364.0,56328.0,21764.0,50128.0
573,54176.0,57560.0,24864.0,56488.0
574,51980.0,58012.0,32984.0,29112.0
575,48528.0,57172.0,28040.0,39656.0
576,44392.0,55624.0,12556.0,31372.0
577,39264.0,51512.0,28268.0,36016.0
578,34584.0,46848.0,26752.0,32888.0
579,30644.0,43456.0,27964.0,34152.0
580,26816.0,40728.0,27320.0,33232.0
581,23496.0,37584.0,27332.0,33708.0
582,20808.0,33768.0,27156.0,33308.0
583,18608.0,29568.0,26932.0,33260.0
584,16600.0,26132.0,27274.0,33248.0
585,14728.0,23616.0,27476.0,33016.0
586,13028.0,21900.0,27464.0,33124.0
587,11644.0,20440.0,27276.0,32756.0
588,10412.0,19564.0,27232.0,32960.0
589,9214.0,19656.0,27328.0,32816.0
590,8162.0,20096.0,27128.0,32836.0
591,7316.0,21672.0,27256.0,33024.0
592,6864.0,24456.0,27144.0,32648.0
593,7244.0,27690.0,27148.0,33144.0
594,8560.0,29856.0,26820.0,33264.0
595,10100.0,29116.0,26210.0,33176.0
596,11166.0,27216.0,25792.0,33244.0
597,11900.0,24272.0,24880.0,32736.0
598,13346.0,21072.0,25728.0,32940.0
599,15512.0,18356.0,24840.0,32608.0
600,17826.0,16228.0,24148.0,31616.0
601,19921.0,14680.0,25584.0,31044.0
602,21492.0,17848.0,24032.0,32012.0
603,22976.0,22720.0,22316.0,37208.0
604,23736.0,26513.0,21272.0,40968.0
605,22832.0,29408.0,22840.0,40512.0
606,20208.0,31208.0,22448.0,39020.0
607,17960.0,32424.0,24560.0,37416.0
608,17632.0,33900.0,26048.0,35408.0
609,18048.0,36528.0,27496.0,34980.0
610,17888.0,39844.0,28080.0,31684.0
611,16564.0,43264.0,29504.0,29888.0
612,14533.0,45904.0,30640.0,29544.0
613,12641.0,48352.0,31184.0,28352.0
614,11017.0,50568.0,31848.0,28492.0
615,9776.0,52424.0,32129.0,29584.0
616,9974.0,53756.0,32104.0,29276.0
617,12036.0,54304.0,32672.0,30376.0
618,14676.0,55352.0,32196.0,30724.0
619,17012.0,56696.0,31720.0,32052.0
620,19072.0,57712.0,31628.0,33952.0
621,21524.0,58432.0,30328.0,35352.0
622,24528.0,58572.0,29392.0,37000.0
623,27832.0,59896.0,29344.0,38324.0
624,30856.0,60640.0,30312.0,37408.0
625,32832.0,61032.0,37128.0,48796.0
626,33208.0,61068.0,31320.0,24484.0
627,31800.0,61504.0,26728.0,40416.0
628,29352.0,59176.0,20188.0,29060.0
629,26960.0,53584.0,25244.0,32600.0
630,25192.0,49408.0,28036.0,33804.0
631,22876.0,46272.0,26944.0,33600.0
632,19948.0,43220.0,27368.0,33652.0
633,17632.0,41388.0,27466.0,33644.0
634,16568.0,39760.0,27252.0,33392.0
635,16168.0,39328.0,27240.0,33184.0
636,15308.0,39920.0,27548.0,33308.0
637,14024.0,40976.0,27529.0,33044.0
638,13604.0,42128.0,27384.0,32664.0
639,13854.0,43792.0,27396.0,33096.0
640,13664.0,45888.0,27420.0,33200.0
641,13040.0,48360.0,27344.0,33028.0
642,13032.0,49704.0,27136.0,32836.0
643,14104.0,51324.0,26970.0,32976.0
644,16209.0,51560.0,26824.0,33048.0
645,19112.0,51388.0,26644.0,32996.0
646,22400.0,50928.0,25740.0,33632.0
647,25832.0,50200.0,25112.0,33936.0
648,29024.0,50344.0,24948.0,33108.0
649,31260.0,49976.0,25796.0,33240.0
650,33056.0,48576.0,26176.0,32824.0
651,34912.0,45872.0,25836.0,31880.0
652,36744.0,40228.0,25992.0,30860.0
653,38680.0,35824.0,24732.0,32260.0
654,41188.0,37272.0,22700.0,35016.0
655,44040.0,40688.0,22004.0,38124.0
656,45388.0,44112.0,23640.0,37920.0
657,43968.0,45716.0,22296.0,42328.0
658,41840.0,45016.0,23780.0,37424.0
659,41096.0,44224.0,24972.0,36896.0
660,41388.0,43748.0,25572.0,36128.0
661,41732.0,42868.0,27256.0,34416.0
662,41768.0,41584.0,28184.0,32980.0
663,41776.0,40256.0,29236.0,32096.0
664,41700.0,38808.0,29680.0,30544.0
665,40912.0,37976.0,29868.0,28376.0
666,39960.0,37440.0,31460.0,27858.0
667,39052.0,36932.0,31512.0,28700.0
668,38032.0,36000.0,31180.0,28696.0
669,37388.0,35420.0,30288.0,28328.0
670,37524.0,35076.0,30560.0,29412.0
671,37924.0,35616.0,30036.0,30272.0
672,37940.0,37304.0,28860.0,30488.0
673,37690.0,39436.0,27864.0,32464.0
674,37476.0,40816.0,26920.0,34304.0
675,38112.0,40460.0,25304.0,35048.0
676,40056.0,40576.0,24972.0,38120.0
677,42872.0,40640.0,24752.0,39756.0
678,45704.0,40940.0,24848.0,40568.0
679,47552.0,41708.0,23800.0,41504.0
680,48424.0,42112.0,24548.0,41244.0
681,48096.0,39512.0,24940.0,41024.0
682,46160.0,35076.0,16252.0,33496.0
683,42544.0,32400.0,26064.0,35812.0
684,37600.0,30252.0,31088.0,30872.0
685,32780.0,26380.0,26468.0,33608.0
686,28532.0,23072.0,27940.0,34064.0
687,24924.0,20236.0,26984.0,32992.0
688,21864.0,17788.0,27168.0,33380.0
689,19668.0,15892.0,27204.0,32804.0
690,18866.0,14208.0,27440.0,32912.0
691,19804.0,13248.0,27496.0,32948.0
692,21720.0,13764.0,27325.0,32852.0
693,23444.0,15716.0,27304.0,32876.0
694,24356.0,17552.0,27380.0,32520.0
695,24192.0,18464.0,27552.0,32120.0
696,23244.0,18928.0,27440.0,32364.0
697,22224.0,19677.0,27264.0,32864.0
698,21452.0,21012.0,27256.0,33076.0
699,21293.0,22296.0,27402.0,33112.0
700,21904.0,22880.0,27352.0,32860.0
701,23032.0,23108.0,27384.0,32656.0
702,24476.0,23376.0,27296.0,32848.0
703,26336.0,23532.0,27180.0,32728.0
704,29156.0,23496.0,27024.0,32448.0
705,32660.0,22669.0,27092.0,32768.0
706,35960.0,21382.0,27024.0,33356.0
707,38776.0,20000.0,26760.0,33376.0
708,41524.0,18768.0,26700.0,33376.0
709,44120.0,16732.0,26312.0,33320.0
710,46160.0,14208.0,25908.0,33348.0
711,47428.0,13232.0,25196.0,32736.0
712,48572.0,13528.0,23768.0,32116.0
713,50340.0,12900.0,20912.0,30328.0
714,52128.0,11105.0,18472.0,26992.0
715,53680.0,9832.0,19002.0,26984.0
716,54864.0,10640.0,21896.0,33672.0
717,54500.0,13560.0,29356.0,31664.0
718,53064.0,15724.0,27992.0,26392.0
719,51360.0,17920.0,28800.0,25688.0
720,49672.0,22044.0,29204.0,28272.0
721,48456.0,25812.0,30628.0,30472.0
722,47228.0,29096.0,30256.0,30988.0
723,45320.0,32160.0,29520.0,30960.0
724,42680.0,34312.0,28232.0,30888.0
725,40768.0,35456.0,27904.0,31748.0
726,40936.0,35648.0,27300.0,34464.0
727,42824.0,35896.0,26868.0,31840.0
728,44920.0,36156.0,25568.0,31452.0
729,46904.0,34880.0,24744.0,32704.0
730,48952.0,31560.0,23676.0,33208.0
731,51100.0,27260.0,23172.0,34332.0
732,52952.0,23472.0,22560.0,35336.0
733,54500.0,20384.0,21876.0,36500.0
734,55280.0,17724.0,23408.0,38840.0
735,55188.0,15172.0,24096.0,40948.0
736,54496.0,14545.0,25348.0,42484.0
737,53860.0,15972.0,27148.0,43232.0
738,53696.0,18448.0,28992.0,43456.0
739,53320.0,22488.0,27200.0,36432.0
740,52008.0,28096.0,24728.0,31672.0
741,50160.0,32824.0,22864.0,32856.0
742,48064.0,36248.0,27380.0,35744.0
743,44032.0,36944.0,26688.0,35424.0
744,38608.0,35616.0,27312.0,33764.0
745,33904.0,33828.0,27200.0,32792.0
746,30348.0,35192.0,27336.0,32980.0
747,30748.0,39392.0,27384.0,32912.0
748,35024.0,42604.0,27380.0,32864.0
749,39088.0,43928.0,27424.0,32836.0
750,41264.0,44128.0,27416.0,32872.0
751,40888.0,43328.0,27408.0,32848.0
752,38336.0,42192.0,27312.0,32692.0
753,35728.0,40644.0,27208.0,32240.0
754,34904.0,38344.0,27272.0,32776.0
755,36504.0,34948.0,27136.0,33040.0
756,39968.0,31364.0,27076.0,32944.0
757,43304.0,28072.0,26816.0,32816.0
758,45400.0,24908.0,26620.0,33132.0
759,45984.0,21424.0,26536.0,32848.0
760,45384.0,18768.0,25704.0,32880.0
761,44464.0,16552.0,25520.0,33236.0
762,43852.0,14292.0,26336.0,33332.0
763,43424.0,13200.0,26468.0,32760.0
764,42824.0,13884.0,26232.0,32432.0
765,42248.0,14900.0,25456.0,32164.0
766,42240.0,15728.0,24408.0,30868.0
767,43008.0,17132.0,23760.0,33220.0
768,44744.0,19336.0,21512.0,34828.0
769,47040.0,20880.0,19868.0,36076.0
770,48944.0,21288.0,26336.0,35460.0
771,49696.0,21456.0,23440.0,41200.0
772,49360.0,21908.0,24785.0,39088.0
773,48944.0,22736.0,26208.0,37488.0
774,49008.0,23668.0,28464.0,37456.0
775,48884.0,24520.0,28992.0,34496.0
776,47952.0,25313.0,29188.0,30916.0
777,46280.0,25804.0,31064.0,30400.0
778,44248.0,25716.0,31920.0,30736.0
779,41800.0,25776.0,31680.0,29392.0
780,39140.0,26476.0,31768.0,29640.0
781,36456.0,28440.0,31960.0,29980.0
782,34064.0,31508.0,31936.0,30280.0
783,33328.0,34800.0,31980.0,30952.0
784,35276.0,37376.0,31440.0,31764.0
785,38412.0,40016.0,31384.0,33376.0
786,40952.0,41852.0,30580.0,35632.0
787,43692.0,41380.0,29552.0,37456.0
788,46488.0,38720.0,29036.0,39776.0
789,48864.0,37540.0,29000.0,40912.0
790,50920.0,38396.0,29540.0,40724.0
791,52244.0,41368.0,14592.0,55328.0
792,51608.0,44576.0,24784.0,41376.0
793,48880.0,47168.0,34184.0,34092.0
794,44904.0,49224.0,17836.0,27336.0
795,39744.0,48584.0,29096.0,35632.0
796,34776.0,44996.0,27220.0,33388.0
797,30364.0,41520.0,27556.0,33828.0
798,26700.0,38064.0,27244.0,33440.0
799,24544.0,35824.0,27484.0,33952.0
800,24176.0,34744.0,27308.0,33616.0
801,25204.0,34156.0,27168.0,33028.0
802,26576.0,34152.0,27420.0,33232.0
803,27524.0,34972.0,27444.0,33240.0
804,28308.0,35308.0,27448.0,33056.0
805,29504.0,34872.0,27544.0,32784.0
806,31592.0,33536.0,27144.0,32828.0
807,33680.0,31424.0,27300.0,32460.0
808,34376.0,30440.0,27212.0,32596.0
809,33780.0,30704.0,27204.0,32736.0
810,33124.0,31296.0,27040.0,33096.0
811,32412.0,32416.0,26868.0,33196.0
812,31376.0,33452.0,26304.0,33592.0
813,30672.0,33208.0,25896.0,33344.0
814,30536.0,32200.0,24544.0,33428.0
815,30652.0,30856.0,24548.0,32768.0
816,30920.0,28768.0,26101.0,33380.0
817,31264.0,26384.0,24996.0,31784.0
818,31816.0,24328.0,23596.0,31064.0
819,32940.0,25240.0,24120.0,31024.0
820,34496.0,29404.0,22536.0,35400.0
821,35872.0,32608.0,21464.0,39648.0
822,36296.0,32256.0,22160.0,36936.0
823,35480.0,32296.0,22608.0,40496.0
824,34152.0,35060.0,24104.0,37556.0
825,33786.0,39056.0,25360.0,35824.0
826,34660.0,42308.0,27240.0,36736.0
827,35720.0,45040.0,28000.0,33304.0
828,36416.0,47256.0,28972.0,30648.0
829,36352.0,48480.0,30888.0,30704.0
830,35572.0,48600.0,31296.0,29536.0
831,34400.0,48752.0,32064.0,29448.0
832,33049.0,50352.0,32896.0,30272.0
833,32340.0,52376.0,32072.0,30024.0
834,33672.0,53496.0,32188.0,30552.0
835,35500.0,55312.0,32272.0,31176.0
836,36152.0,56632.0,32124.0,30896.0
837,36212.0,57760.0,32436.0,32648.0
838,36544.0,57280.0,31180.0,34392.0
839,37632.0,55008.0,30552.0,35076.0
840,39008.0,54376.0,31404.0,36184.0
841,39744.0,55368.0,33112.0,43556.0
842,39840.0,55208.0,44548.0,41496.0
843,38536.0,54460.0,29032.0,40240.0
844,35428.0,55892.0,31072.0,33896.0
845,31472.0,57168.0,21832.0,27988.0
846,27556.0,54968.0,28436.0,35460.0
847,23994.0,48636.0,26600.0,33080.0
848,21056.0,42264.0,27458.0,33952.0
849,18556.0,36808.0,27348.0,33504.0
850,17376.0,32548.0,27444.0,33784.0
851,19000.0,29964.0,27808.0,33816.0
852,22232.0,27616.0,26636.0,32976.0
853,25388.0,25008.0,26908.0,33052.0
854,27624.0,22324.0,27384.0,33132.0
855,28956.0,19640.0,27184.0,32804.0
856,29964.0,17033.0,27280.0,32800.0
857,31280.0,14924.0,27320.0,33048.0
858,33160.0,13925.0,27376.0,33204.0
859,34912.0,14624.0,27136.0,32768.0
860,36512.0,15892.0,27108.0,33192.0
861,38312.0,17800.0,27048.0,33600.0
862,40344.0,21268.0,26554.0,32960.0
863,43240.0,24060.0,26264.0,33632.0
864,45928.0,25280.0,24873.0,33548.0
865,48256.0,28344.0,24580.0,32784.0
866,49576.0,31236.0,24448.0,33040.0
867,48548.0,30344.0,25144.0,32156.0
868,46280.0,25906.0,23264.0,30448.0
869,46248.0,24040.0,24164.0,31496.0
870,48704.0,27864.0,20800.0,36520.0
871,50808.0,32376.0,20944.0,41104.0
872,51532.0,34432.0,22800.0,42240.0
873,50968.0,35308.0,20562.0,38516.0
874,50424.0,34824.0,22836.0,37328.0
875,50760.0,34160.0,24428.0,36128.0
876,50912.0,32268.0,25888.0,32620.0
877,49656.0,28468.0,27648.0,29344.0
878,46988.0,24668.0,30148.0,27440.0
879,43452.0,21340.0,31904.0,27244.0
880,39896.0,18512.0,33208.0,25536.0
881,37112.0,17168.0,34120.0,26088.0
882,35308.0,18576.0,33976.0,27338.0
883,34488.0,19309.0,33016.0,28210.0
884,35296.0,18560.0,32428.0,30692.0
885,37612.0,18504.0,31540.0,34240.0
886,40472.0,19504.0,29944.0,38176.0
887,42832.0,23008.0,29336.0,40032.0
888,44052.0,26708.0,30392.0,42104.0
889,43280.0,28924.0,30746.0,39512.0
890,40416.0,29248.0,41864.0,51804.0
891,36160.0,28480.0,29316.0,21772.0
892,31488.0,25876.0,26196.0,39640.0
893,30344.0,22548.0,25384.0,31040.0
894,32464.0,22740.0,28460.0,36256.0
895,35828.0,25396.0,26576.0,33332.0
896,38588.0,28184.0,27520.0,33988.0
897,39400.0,29000.0,27196.0,33428.0
898,39888.0,29088.0,27440.0,33624.0
899,41276.0,30092.0,27356.0,33592.0
900,43032.0,30988.0,27024.0,32856.0
901,44456.0,30816.0,27460.0,33092.0
902,45488.0,30752.0,27364.0,32800.0
903,46304.0,31160.0,27620.0,33268.0
904,47276.0,31656.0,27340.0,32668.0
905,47984.0,33252.0,27348.0,32784.0
906,48280.0,35784.0,27104.0,32848.0
907,48728.0,37532.0,27066.0,33136.0
908,49224.0,37952.0,27056.0,33652.0
909,50112.0,36272.0,26396.0,33472.0
910,51664.0,31544.0,25348.0,33680.0
911,53320.0,27640.0,25344.0,32936.0
912,54100.0,25620.0,24524.0,32328.0
913,52504.0,22528.0,24928.0,32088.0
914,48784.0,19744.0,25112.0,31672.0
915,46144.0,18736.0,24816.0,30416.0
916,46308.0,22024.0,21536.0,34244.0
917,48008.0,28244.0,22344.0,41396.0
918,49376.0,32388.0,22232.0,37704.0
919,48848.0,33668.0,22112.0,43264.0
920,46128.0,34004.0,22920.0,37152.0
921,43236.0,35164.0,24996.0,35980.0
922,41568.0,37776.0,25872.0,36396.0
923,40984.0,41000.0,26520.0,34632.0
924,41084.0,43956.0,27176.0,29480.0
925,40896.0,46136.0,29644.0,29348.0
926,40148.0,48428.0,30872.0,27820.0
927,38888.0,50384.0,32228.0,26848.0
928,37064.0,52280.0,32696.0,28064.0
929,34828.0,53952.0,32656.0,29236.0
930,32704.0,55228.0,32500.0,29184.0
931,31106.0,56544.0,32664.0,30848.0
932,30380.0,57560.0,31988.0,32548.0
933,30920.0,58648.0,30448.0,35556.0
934,32736.0,59488.0,28985.0,37776.0
935,35092.0,59992.0,29208.0,40536.0
936,37640.0,60360.0,28752.0,41368.0
937,40808.0,61400.0,29680.0,40080.0
938,43804.0,60632.0,12093.0,55860.0
939,45216.0,57248.0,31900.0,42528.0
940,44644.0,54776.0,27872.0,34736.0
941,42872.0,53336.0,16412.0,28432.0
942,39596.0,50096.0,27680.0,37164.0
943,34744.0,44848.0,27240.0,33064.0
944,30144.0,42888.0,27872.0,34008.0
945,26468.0,40704.0,27240.0,33328.0
946,24184.0,38192.0,27320.0,33416.0
947,22664.0,37144.0,27288.0,33564.0
948,20856.0,37008.0,27392.0,33384.0
949,19276.0,36664.0,27360.0,33080.0
950,18409.0,36452.0,27476.0,32904.0
951,17660.0,36232.0,27304.0,32732.0
952,16952.0,36136.0,27376.0,32744.0
953,16740.0,36856.0,27400.0,32988.0
954,16889.0,38384.0,27368.0,32796.0
955,17860.0,40256.0,27224.0,32720.0
956,20112.0,42212.0,27112.0,32992.0
957,23392.0,41556.0,27016.0,33748.0
958,26904.0,38304.0,26836.0,33640.0
959,29824.0,35872.0,26436.0,33536.0
960,32092.0,33260.0,26488.0,33256.0
961,33840.0,29380.0,24264.0,32824.0
962,34904.0,25712.0,25900.0,33632.0
963,35128.0,22508.0,25780.0,32704.0
964,34184.0,20208.0,25024.0,32040.0
965,32392.0,21048.0,26400.0,32776.0
966,32532.0,24888.0,25280.0,32828.0
967,36424.0,30084.0,23280.0,35088.0
968,40104.0,34664.0,22416.0,40512.0
969,42116.0,36496.0,21184.0,37028.0
970,40400.0,35040.0,19800.0,40744.0
971,35240.0,32420.0,21520.0,36784.0
972,30428.0,31512.0,23100.0,35968.0
973,26808.0,32520.0,24640.0,35344.0
974,24440.0,33760.0,26432.0,34004.0
975,23488.0,34192.0,27972.0,30572.0
976,23904.0,34528.0,29000.0,28948.0
977,24724.0,35576.0,29936.0,28948.0
978,25472.0,37068.0,30564.0,28528.0
979,25876.0,39236.0,31025.0,27456.0
980,25944.0,41980.0,31000.0,28396.0
981,26416.0,44288.0,30284.0,28864.0
982,27552.0,45792.0,29820.0,29088.0
983,28712.0,46872.0,29644.0,30740.0
984,29872.0,48252.0,28456.0,30788.0
985,31240.0,50416.0,28032.0,31596.0
986,32328.0,52228.0,27160.0,32536.0
987,33432.0,53952.0,26320.0,32856.0
988,34464.0,55356.0,26340.0,34016.0
989,34768.0,56696.0,25472.0,34784.0
990,35128.0,56292.0,24780.0,35384.0
991,36872.0,52928.0,25184.0,37152.0
992,39380.0,47924.0,24448.0,38832.0
993,42088.0,43796.0,24032.0,40280.0
994,44936.0,42720.0,25144.0,42032.0
995,47392.0,42704.0,26496.0,41832.0
996,49472.0,42672.0,28960.0,43728.0
997,50904.0,40896.0,23240.0,23848.0
998,52096.0,38324.0,25648.0,43812.0
999,53536.0,36220.0,26736.0,33212.0
1000,54432.0,34572.0,28048.0,33988.0
1001,53268.0,33156.0,26000.0,35784.0
1002,48136.0,29656.0,27704.0,32272.0
1003,41876.0,25876.0,27192.0,33808.0
1004,36688.0,22764.0,27116.0,33036.0
1005,32276.0,19776.0,27424.0,33164.0
1006,28944.0,17760.0,27568.0,33012.0
1007,27048.0,16264.0,27548.0,32936.0
1008,26856.0,16728.0,27372.0,33032.0
1009,28584.0,18402.0,27464.0,33056.0
1010,31452.0,20288.0,27384.0,33152.0
1011,34064.0,21776.0,27488.0,32812.0
1012,34488.0,21792.0,27456.0,32848.0
1013,32256.0,20416.0,27384.0,32864.0
1014,28888.0,19648.0,27452.0,32608.0
1015,26412.0,18940.0,27522.0,32672.0
1016,25248.0,19018.0,27460.0,32920.0
1017,25352.0,19704.0,27404.0,33000.0
1018,26720.0,20640.0,27424.0,32816.0
1019,27900.0,22460.0,27392.0,32928.0
1020,28596.0,24240.0,27420.0,33060.0
1021,29828.0,25632.0,27372.0,32944.0
1022,31036.0,26196.0,27448.0,32940.0
1023,32124.0,25972.0,27344.0,33004.0
1024,34016.0,25552.0,27360.0,33040.0
1025,36108.0,25276.0,27428.0,32920.0
1026,37056.0,25052.0,27288.0,32836.0
1027,36656.0,24800.0,27140.0,32344.0
1028,35424.0,23084.0,26448.0,32000.0
1029,34288.0,20952.0,25472.0,32660.0
1030,34100.0,21340.0,27268.0,31248.0
1031,35040.0,24000.0,21952.0,30208.0
1032,36724.0,27772.0,20018.0,29996.0
1033,38412.0,32768.0,22810.0,29432.0
1034,40600.0,35940.0,21784.0,33164.0
1035,43240.0,36636.0,25012.0,31160.0
1036,45360.0,38936.0,29376.0,30260.0
1037,46848.0,42280.0,28536.0,26936.0
1038,47968.0,44488.0,30416.0,29332.0
1039,49532.0,45356.0,30272.0,29700.0
1040,51444.0,44892.0,29924.0,30620.0
1041,53024.0,45072.0,29720.0,31912.0
1042,53600.0,46368.0,29528.0,33040.0
1043,53376.0,48128.0,28564.0,32504.0
1044,53184.0,49864.0,28492.0,32256.0
1045,53476.0,51776.0,28316.0,32572.0
1046,54112.0,53448.0,27120.0,32632.0
1047,54712.0,54952.0,25392.0,32736.0
1048,55424.0,56256.0,24116.0,33672.0
1049,56560.0,57200.0,24032.0,35056.0
1050,57628.0,58416.0,22512.0,35808.0
1051,58536.0,59280.0,23112.0,38040.0
1052,59376.0,60040.0,21840.0,40120.0
1053,59976.0,60712.0,25600.0,42640.0
1054,60140.0,61416.0,28852.0,43488.0
1055,60208.0,61832.0,26876.0,46716.0
1056,60248.0,62304.0,26836.0,30628.0
1057,59260.0,62760.0,27432.0,35684.0
1058,56272.0,61496.0,24468.0,36128.0
1059,51884.0,56812.0,27952.0,30316.0
1060,46416.0,49400.0,27744.0,34992.0
1061,40780.0,45068.0,27488.0,33648.0
1062,35928.0,45400.0,27260.0,33384.0
1063,32520.0,48448.0,27272.0,33044.0
1064,31592.0,50864.0,27332.0,32696.0
1065,32252.0,51936.0,27448.0,32724.0
1066,32792.0,51420.0,27380.0,32800.0
1067,31672.0,49528.0,27168.0,32464.0
1068,29536.0,47168.0,27288.0,32576.0
1069,27620.0,44784.0,27268.0,32652.0
1070,26602.0,42408.0,26944.0,32912.0
1071,26876.0,40064.0,26936.0,32896.0
1072,28196.0,37504.0,26656.0,32800.0
1073,30144.0,33488.0,26388.0,32984.0
1074,32296.0,29324.0,25816.0,32632.0
1075,34112.0,25728.0,25404.0,32592.0
1076,34580.0,23360.0,26312.0,33108.0
1077,34292.0,22432.0,26412.0,32856.0
1078,33696.0,20240.0,26304.0,32196.0
1079,32432.0,17705.0,26140.0,31776.0
1080,30980.0,15462.0,25288.0,31748.0
1081,30368.0,13810.0,22988.0,34040.0
1082,31912.0,12298.0,20581.0,36664.0
1083,34968.0,10812.0,22648.0,38008.0
1084,37740.0,9698.0,24608.0,41236.0
1085,40272.0,10960.0,23544.0,38868.0
1086,42656.0,14848.0,25336.0,37508.0
1087,44352.0,19328.0,26332.0,37704.0
1088,45304.0,23528.0,27548.0,36232.0
1089,45968.0,26060.0,28664.0,32288.0
1090,46356.0,26648.0,30024.0,30648.0
1091,46320.0,26608.0,30832.0,30312.0
1092,45348.0,26992.0,31068.0,29496.0
1093,43464.0,27208.0,32216.0,28944.0
1094,41616.0,27160.0,32412.0,29612.0
1095,40696.0,27448.0,32096.0,29872.0
1096,41144.0,29048.0,32392.0,30288.0
1097,42248.0,31384.0,32248.0,30688.0
1098,43328.0,33860.0,32392.0,32116.0
1099,44536.0,37120.0,31552.0,33464.0
1100,46632.0,40496.0,30784.0,34804.0
1101,48992.0,42200.0,30600.0,36996.0
1102,50928.0,40504.0,31300.0,37672.0
1103,51592.0,35616.0,16048.0,56016.0
1104,50064.0,30552.0,35968.0,47864.0
1105,45552.0,26512.0,30240.0,27168.0
1106,39696.0,23104.0,25376.0,32096.0
1107,34720.0,20648.0,21120.0,32296.0
1108,30700.0,19132.0,26664.0,34360.0
1109,28364.0,16752.0,27192.0,33780.0
1110,26672.0,14684.0,27096.0,33520.0
1111,25888.0,12972.0,27424.0,33656.0
1112,26720.0,13296.0,27512.0,33640.0
1113,28440.0,15188.0,27064.0,33256.0
1114,30160.0,17940.0,26984.0,32940.0
1115,31512.0,21760.0,27420.0,33072.0
1116,32968.0,27136.0,27212.0,32776.0
1117,34428.0,32072.0,27352.0,32864.0
1118,35624.0,36424.0,27324.0,33184.0
1119,36272.0,40080.0,27276.0,32844.0
1120,36488.0,42392.0,27420.0,33108.0
1121,37120.0,43656.0,27244.0,33180.0
1122,39088.0,43208.0,27080.0,32888.0
1123,42240.0,41336.0,27168.0,33292.0
1124,45112.0,37884.0,27116.0,33596.0
1125,47332.0,33392.0,26564.0,33616.0
1126,49160.0,28868.0,26292.0,33312.0
1127,50644.0,25000.0,25972.0,34096.0
1128,51192.0,21744.0,24656.0,32948.0
1129,50144.0,18856.0,24216.0,32760.0
1130,47776.0,16844.0,25128.0,32120.0
1131,45512.0,15640.0,24412.0,31312.0
1132,43692.0,18000.0,25128.0,30868.0
1133,42688.0,22000.0,22296.0,36488.0
1134,42440.0,24472.0,23964.0,40280.0
1135,43360.0,25584.0,23940.0,35536.0
1136,45292.0,26616.0,22032.0,38176.0
1137,47728.0,28920.0,24024.0,35200.0
1138,49756.0,31100.0,26008.0,35436.0
1139,50376.0,33236.0,26732.0,35832.0
1140,48912.0,35756.0,27472.0,35448.0
1141,46016.0,38616.0,27748.0,32408.0
1142,43072.0,42036.0,29224.0,30256.0
1143,41336.0,44820.0,30448.0,31032.0
1144,41160.0,47292.0,30684.0,30264.0
1145,42256.0,49536.0,31072.0,29372.0
1146,44200.0,51656.0,31924.0,30256.0
1147,46696.0,53320.0,31880.0,30624.0
1148,49040.0,54884.0,31872.0,30612.0
1149,50952.0,56056.0,31812.0,31228.0
1150,52336.0,57176.0,31948.0,31972.0
1151,52804.0,57960.0,32056.0,32208.0
1152,52400.0,58976.0,32332.0,33940.0
1153,52288.0,59616.0,31008.0,34976.0
1154,52616.0,60452.0,30864.0,36484.0
1155,53024.0,61112.0,12068.0,55032.0
1156,53200.0,61560.0,26352.0,55972.0
1157,52312.0,62040.0,34800.0,28820.0
1158,50328.0,62528.0,18336.0,30616.0
1159,47152.0,61088.0,27680.0,33672.0
1160,43472.0,54816.0,27892.0,34368.0
1161,39984.0,48232.0,27156.0,33504.0
1162,36056.0,41984.0,27416.0,33688.0
1163,31752.0,36992.0,27312.0,33856.0
1164,28760.0,33808.0,27296.0,33568.0
1165,27840.0,32444.0,26496.0,33108.0
1166,27912.0,31564.0,27128.0,33264.0
1167,27968.0,29836.0,27000.0,33336.0
1168,27940.0,26776.0,27160.0,33072.0
1169,27652.0,23596.0,27588.0,33148.0
1170,27052.0,20740.0,27640.0,33224.0
1171,26160.0,18224.0,27380.0,33432.0
1172,25696.0,17788.0,27152.0,33528.0
1173,25568.0,18720.0,26490.0,33420.0
1174,25588.0,19348.0,26568.0,33984.0
1175,25928.0,19036.0,26580.0,33892.0
1176,26212.0,20369.0,24480.0,33392.0
1177,27104.0,22284.0,23600.0,32424.0
1178,28280.0,23440.0,24128.0,32132.0
1179,29180.0,24372.0,24556.0,31344.0
1180,29972.0,26816.0,25176.0,31440.0
1181,31512.0,31488.0,23360.0,36220.0
1182,33856.0,35724.0,22458.0,40072.0
1183,36184.0,36344.0,22416.0,36928.0
1184,37240.0,33088.0,20996.0,39744.0
1185,36824.0,28872.0,21588.0,36588.0
1186,36528.0,25072.0,24876.0,37040.0
1187,36636.0,21584.0,26256.0,35672.0
1188,36796.0,18932.0,27640.0,33500.0
1189,36872.0,16318.0,29204.0,31196.0
1190,37416.0,14192.0,30884.0,29208.0
1191,38228.0,12536.0,32232.0,28540.0
1192,38800.0,11836.0,32576.0,27648.0
1193,39024.0,11720.0,32820.0,27768.0
1194,39300.0,11958.0,32928.0,28328.0
1195,39792.0,12928.0,32880.0,28632.0
1196,40072.0,12856.0,32612.0,30266.0
1197,40328.0,13060.0,31760.0,32480.0
1198,41472.0,13256.0,31020.0,36116.0
1199,43280.0,14928.0,30276.0,38464.0
1200,44596.0,17336.0,30848.0,39496.0
1201,45544.0,19636.0,20128.0,55560.0
1202,46272.0,21396.0,35164.0,45060.0
1203,46656.0,23704.0,30032.0,28096.0
1204,45936.0,25256.0,18956.0,29052.0
1205,42616.0,23429.0,25920.0,32832.0
1206,38112.0,19956.0,27900.0,34308.0
1207,34164.0,17016.0,27064.0,33820.0
1208,30448.0,14688.0,27433.0,33792.0
1209,28004.0,12737.0,27424.0,33836.0
1210,27952.0,11032.0,27496.0,33688.0
1211,29420.0,10248.0,26480.0,33188.0
1212,30728.0,10460.0,27264.0,33320.0
1213,30784.0,11772.0,27608.0,33148.0
1214,29756.0,13520.0,27512.0,32888.0
1215,28736.0,15008.0,27352.0,32236.0
1216,28252.0,16680.0,27272.0,32680.0
1217,27820.0,17720.0,27396.0,33168.0
1218,27248.0,19052.0,27256.0,33496.0
1219,26529.0,21876.0,26992.0,32976.0
1220,27368.0,25140.0,26600.0,33284.0
1221,29956.0,28112.0,26426.0,33552.0
1222,33600.0,29396.0,25700.0,33400.0
1223,37000.0,29192.0,25792.0,33416.0
1224,39516.0,27840.0,24112.0,32996.0
1225,39768.0,24016.0,25200.0,32692.0
1226,36536.0,20784.0,26204.0,32528.0
1227,33088.0,19560.0,25652.0,31288.0
1228,31632.0,21232.0,24408.0,32596.0
1229,33168.0,27396.0,23460.0,35856.0
1230,36416.0,32012.0,22684.0,38904.0
1231,38460.0,34408.0,24348.0,35656.0
1232,38364.0,36868.0,22792.0,39696.0
1233,37984.0,40280.0,23904.0,36152.0
1234,38836.0,43128.0,25288.0,35120.0
1235,40228.0,44648.0,26664.0,36400.0
1236,41204.0,44312.0,27556.0,35264.0
1237,41184.0,44776.0,28008.0,33904.0
1238,40024.0,46240.0,28632.0,30972.0
1239,38596.0,47104.0,30368.0,29824.0
1240,37680.0,47384.0,30844.0,29204.0
1241,37144.0,48292.0,32140.0,29088.0
1242,37648.0,49232.0,32300.0,28892.0
1243,39840.0,50352.0,32756.0,28640.0
1244,42800.0,50760.0,32672.0,29104.0
1245,45216.0,50608.0,32280.0,29928.0
1246,47168.0,51132.0,32000.0,32020.0
1247,49008.0,52732.0,31332.0,34028.0
1248,49968.0,54264.0,31240.0,36696.0
1249,49584.0,55600.0,33024.0,36880.0
1250,49240.0,55768.0,20412.0,54312.0
1251,49896.0,56120.0,40300.0,47008.0
1252,50464.0,56172.0,17564.0,31244.0
1253,49600.0,50432.0,26656.0,30976.0
1254,47192.0,43848.0,28640.0,33604.0
1255,45368.0,40704.0,27340.0,32792.0
1256,45016.0,36540.0,27728.0,34272.0
1257,44856.0,32008.0,27216.0,33352.0
1258,44560.0,27680.0,27160.0,33476.0
1259,44008.0,24176.0,27060.0,33136.0
1260,43368.0,22344.0,27356.0,32924.0
1261,42832.0,21972.0,27424.0,32900.0
1262,42008.0,21664.0,27452.0,33060.0
1263,40368.0,21164.0,27432.0,33152.0
1264,38468.0,21172.0,27352.0,32164.0
1265,37168.0,22040.0,27120.0,32040.0
1266,36200.0,24166.0,27416.0,32940.0
1267,35428.0,27370.0,27248.0,32940.0
1268,35424.0,31296.0,27300.0,32644.0
1269,36464.0,35920.0,26968.0,32424.0
1270,37512.0,39968.0,27012.0,32656.0
1271,38112.0,42784.0,26688.0,33452.0
1272,38776.0,44608.0,26300.0,32936.0
1273,39384.0,44512.0,25552.0,33080.0
1274,39776.0,42228.0,26577.0,32668.0
1275,39768.0,38580.0,24024.0,32068.0
1276,39836.0,33952.0,25848.0,32800.0
1277,40432.0,29352.0,24036.0,31508.0
1278,41848.0,25812.0,24504.0,30568.0
1279,43876.0,27744.0,21712.0,32100.0
1280,46192.0,32524.0,20396.0,40984.0
1281,47848.0,35524.0,20336.0,41036.0
1282,47600.0,38200.0,18554.0,43728.0
1283,44736.0,40368.0,21016.0,37444.0
1284,41496.0,42624.0,22842.0,35204.0
1285,39408.0,44868.0,25216.0,33800.0
1286,38160.0,47508.0,26992.0,31968.0
1287,37816.0,49496.0,29244.0,30764.0
1288,37492.0,51528.0,29228.0,27321.0
1289,36808.0,52536.0,29884.0,25336.0
1290,36312.0,53784.0,31040.0,25820.0
1291,36156.0,54784.0,31192.0,25600.0
1292,36084.0,56120.0,30288.0,26356.0
1293,36400.0,57176.0,30004.0,27452.0
1294,36984.0,58216.0,29536.0,28392.0
1295,37336.0,58848.0,28597.0,29736.0
1296,37300.0,59024.0,27100.0,30668.0
1297,37552.0,57408.0,25452.0,31272.0
1298,38936.0,54564.0,24544.0,31580.0
1299,40464.0,49932.0,23712.0,32604.0
1300,42720.0,47316.0,23108.0,33784.0
1301,45692.0,46804.0,22916.0,35512.0
1302,48216.0,46184.0,22364.0,37480.0
1303,49728.0,43880.0,21396.0,39344.0
1304,49216.0,43100.0,21732.0,41296.0
1305,47208.0,46184.0,24344.0,41624.0
1306,44688.0,48964.0,27000.0,40408.0
1307,41968.0,51384.0,31672.0,31552.0
1308,39704.0,53184.0,21033.0,18700.0
1309,38048.0,54064.0,19500.0,39284.0
1310,36540.0,51984.0,28004.0,34172.0
1311,34196.0,47376.0,29728.0,31944.0
1312,30376.0,43184.0,26600.0,33376.0
1313,26504.0,39848.0,26792.0,36280.0
1314,23216.0,35828.0,26376.0,33832.0
1315,20552.0,32728.0,27664.0,32520.0
1316,19432.0,32376.0,27792.0,32660.0
1317,20440.0,33340.0,27416.0,33192.0
1318,23088.0,34864.0,27452.0,32808.0
1319,26180.0,36408.0,27296.0,32856.0
1320,28784.0,37664.0,27336.0,32608.0
1321,30756.0,38588.0,27496.0,32712.0
1322,32624.0,39912.0,27464.0,32632.0
1323,34560.0,41952.0,27360.0,32636.0
1324,36288.0,44168.0,27300.0,32576.0
1325,38032.0,47112.0,27516.0,32656.0
1326,40112.0,49448.0,27496.0,32692.0
1327,42136.0,51504.0,27552.0,32456.0
1328,43712.0,53420.0,27472.0,32744.0
1329,44464.0,54960.0,27472.0,32912.0
1330,45136.0,56264.0,27448.0,32720.0
1331,45920.0,57244.0,27408.0,33088.0
1332,45988.0,57756.0,27500.0,32860.0
1333,45400.0,56512.0,27472.0,32856.0
1334,45168.0,55152.0,27440.0,32852.0
1335,45072.0,52384.0,27328.0,32764.0
1336,44808.0,48464.0,27292.0,32316.0
1337,44632.0,43144.0,27448.0,32504.0
1338,45128.0,37660.0,27208.0,32932.0
1339,46568.0,33088.0,27292.0,33004.0
1340,48136.0,29056.0,27120.0,33040.0
1341,49264.0,25356.0,27008.0,33096.0
1342,49944.0,22200.0,26616.0,32916.0
1343,50384.0,19578.0,27204.0,33528.0
1344,51504.0,18236.0,26504.0,33292.0
1345,53196.0,17754.0,26124.0,33164.0
1346,54656.0,16561.0,25496.0,32788.0
1347,55948.0,14642.0,25388.0,33048.0
1348,57040.0,13066.0,24020.0,32160.0
1349,58052.0,11480.0,21708.0,30776.0
1350,58868.0,10721.0,21464.0,29608.0
1351,59228.0,9998.0,23616.0,30484.0
1352,59960.0,9029.0,20206.0,35252.0
1353,60392.0,7796.0,22016.0,33192.0
1354,60584.0,7952.0,28516.0,35264.0
1355,61144.0,7753.0,27836.0,32344.0
1356,61672.0,7048.0,28152.0,31680.0
1357,62120.0,6250.0,28752.0,32596.0
1358,62008.0,5263.0,28840.0,34148.0
1359,60560.0,4760.0,28320.0,33864.0
1360,57664.0,4300.0,28288.0,33856.0
1361,54424.0,3486.0,28640.0,35884.0
1362,52344.0,3114.0,28408.0,35568.0
1363,51272.0,3261.0,28844.0,34568.0
1364,50704.0,3516.0,29116.0,35340.0
1365,50000.0,4450.0,28736.0,33384.0
1366,49112.0,5760.0,29848.0,32928.0
1367,48544.0,6920.0,30372.0,32700.0
1368,48816.0,8788.0,30376.0,32288.0
1369,49984.0,9820.0,30256.0,32460.0
1370,51972.0,9576.0,30556.0,32916.0
1371,53872.0,8694.0,30138.0,33496.0
1372,55472.0,7228.0,29700.0,35624.0
1373,56336.0,6661.0,28984.0,37388.0
1374,56912.0,6462.0,29112.0,39360.0
1375,57328.0,6100.0,29144.0,41704.0
1376,57168.0,6592.0,22560.0,53728.0
1377,54576.0,7640.0,25560.0,56448.0
1378,51412.0,9186.0,31144.0,28044.0
1379,49152.0,9224.0,25416.0,32984.0
1380,45464.0,7720.0,19744.0,33816.0
1381,40192.0,6904.0,26400.0,33956.0
1382,35440.0,6589.0,27464.0,33732.0
1383,31160.0,5620.0,27576.0,33680.0
1384,27420.0,4942.0,27804.0,33852.0
1385,25728.0,5552.0,27456.0,33624.0
1386,27308.0,7340.0,27312.0,33536.0
1387,30804.0,10096.0,27076.0,33344.0
1388,34716.0,13568.0,27268.0,33264.0
1389,38304.0,17144.0,27600.0,33348.0
1390,41108.0,20240.0,27104.0,32592.0
1391,42696.0,22248.0,27352.0,33000.0
1392,43264.0,23848.0,27232.0,33168.0
1393,43600.0,24792.0,27192.0,33024.0
1394,44712.0,24504.0,27220.0,33128.0
1395,47116.0,22932.0,26660.0,33172.0
1396,49372.0,21032.0,26332.0,33252.0
1397,51328.0,19684.0,25482.0,33240.0
1398,52640.0,17724.0,25089.0,32828.0
1399,51648.0,15336.0,25076.0,33124.0
1400,48352.0,13451.0,26076.0,32952.0
1401,44324.0,11920.0,26308.0,32696.0
1402,40344.0,11256.0,25944.0,32276.0
1403,37336.0,9950.0,25876.0,32568.0
1404,36636.0,9556.0,23821.0,34416.0
1405,37920.0,9049.0,22980.0,37900.0
1406,39048.0,9066.0,25162.0,35668.0
1407,39648.0,10281.0,25692.0,40624.0
1408,40580.0,13382.0,24112.0,38052.0
1409,42156.0,17720.0,24792.0,36576.0
1410,44248.0,21496.0,25648.0,36452.0
1411,45624.0,24612.0,26752.0,36472.0
1412,45620.0,26224.0,27884.0,35472.0
1413,44960.0,27620.0,28700.0,34580.0
1414,44444.0,28760.0,29352.0,33636.0
1415,44272.0,31144.0,29980.0,31508.0
1416,44104.0,34452.0,30464.0,30924.0
1417,43148.0,38260.0,31712.0,31184.0
1418,41808.0,40952.0,31664.0,31228.0
1419,41472.0,43328.0,31420.0,30872.0
1420,41568.0,45868.0,31640.0,31024.0
1421,41848.0,47404.0,31800.0,31300.0
1422,42544.0,47672.0,31876.0,31588.0
1423,43576.0,46848.0,31860.0,32048.0
1424,44688.0,46392.0,31860.0,32516.0
1425,46556.0,45700.0,31600.0,33212.0
1426,48840.0,44088.0,31528.0,34448.0
1427,50964.0,43116.0,30068.0,40400.0
1428,52736.0,44176.0,29408.0,52720.0
1429,53928.0,47144.0,30472.0,42072.0
1430,53088.0,49456.0,28560.0,28036.0
1431,49904.0,50904.0,21696.0,31824.0
1432,45984.0,49216.0,25772.0,32660.0
1433,43344.0,47332.0,28352.0,34868.0
1434,42128.0,45604.0,26876.0,33488.0
1435,41560.0,42408.0,27628.0,33968.0
1436,41536.0,41056.0,27400.0,33912.0
1437,41952.0,43752.0,27220.0,33600.0
1438,42548.0,46792.0,27044.0,33380.0
1439,42880.0,49208.0,27132.0,33456.0
1440,42760.0,51520.0,27460.0,33616.0
1441,41832.0,52928.0,27104.0,33204.0
1442,39424.0,54256.0,27228.0,33296.0
1443,35848.0,53456.0,27492.0,33496.0
1444,31656.0,51160.0,27160.0,33368.0
1445,27688.0,49644.0,27424.0,33304.0
1446,24496.0,49868.0,27484.0,33500.0
1447,23116.0,50088.0,27308.0,33744.0
1448,23712.0,48944.0,26840.0,33460.0
1449,26276.0,46176.0,26570.0,33492.0
1450,29248.0,41808.0,26312.0,33672.0
1451,31168.0,37156.0,25860.0,33584.0
1452,31392.0,32656.0,24892.0,32476.0
1453,30216.0,28404.0,25160.0,32896.0
1454,29144.0,24892.0,25404.0,32340.0
1455,29264.0,21852.0,25212.0,31688.0
1456,31548.0,19104.0,25532.0,32132.0
1457,35892.0,18376.0,23360.0,35388.0
1458,39688.0,19220.0,22556.0,38088.0
1459,41808.0,18365.0,25424.0,35712.0
1460,41584.0,16308.0,23652.0,42300.0
1461,40104.0,14336.0,23796.0,37516.0
1462,37804.0,12984.0,24332.0,35608.0
1463,34104.0,12512.0,25224.0,34936.0
1464,29528.0,12354.0,26144.0,34984.0
1465,25677.0,13506.0,28592.0,35336.0
1466,22464.0,15984.0,29248.0,34276.0
1467,20136.0,19072.0,30064.0,32600.0
1468,18752.0,22720.0,30048.0,31724.0
1469,17912.0,26348.0,31456.0,31088.0
1470,17336.0,29680.0,32000.0,31112.0
1471,16776.0,32744.0,32064.0,30904.0
1472,16800.0,35696.0,32044.0,30736.0
1473,17884.0,39540.0,32420.0,31184.0
1474,19752.0,42608.0,32644.0,31424.0
1475,22180.0,45752.0,32552.0,31592.0
1476,24696.0,48208.0,32592.0,32812.0
1477,26916.0,50400.0,32320.0,34384.0
1478,29296.0,52304.0,32316.0,35976.0
1479,32224.0,53872.0,31620.0,37696.0
1480,35160.0,55336.0,10962.0,56256.0
1481,36920.0,56616.0,33352.0,38672.0
1482,36840.0,57640.0,28540.0,32460.0
1483,35960.0,57000.0,22352.0,27672.0
1484,33968.0,52712.0,28684.0,35208.0
1485,32122.0,47824.0,28064.0,34140.0
1486,30612.0,43976.0,27188.0,34304.0
1487,29016.0,38524.0,27344.0,33592.0
1488,27868.0,33592.0,27152.0,33652.0
1489,28016.0,29388.0,27116.0,33536.0
1490,29936.0,26968.0,27144.0,33456.0
1491,32544.0,26052.0,27448.0,33704.0
1492,34656.0,25412.0,27292.0,33264.0
1493,35904.0,24148.0,26976.0,33048.0
1494,35968.0,22504.0,27392.0,33360.0
1495,34716.0,21024.0,26856.0,32892.0
1496,32852.0,19992.0,27024.0,33196.0
1497,31676.0,19468.0,27512.0,33780.0
1498,31880.0,19764.0,26844.0,33900.0
1499,32624.0,20160.0,26240.0,33648.0
1500,33440.0,18508.0,26124.0,34200.0
1501,34616.0,16936.0,25500.0,34084.0
1502,36820.0,17996.0,24836.0,32992.0
1503,39096.0,19452.0,24864.0,32980.0
1504,39864.0,17800.0,26124.0,32680.0
1505,38256.0,15332.0,25040.0,31668.0
1506,35520.0,14338.0,25444.0,31608.0
1507,34192.0,16737.0,23936.0,34976.0
1508,35592.0,20560.0,22616.0,39864.0
1509,38984.0,22332.0,23048.0,36504.0
1510,41416.0,23588.0,22644.0,42352.0
1511,41748.0,23904.0,22196.0,37456.0
1512,41112.0,25408.0,24120.0,35916.0
1513,40360.0,27912.0,26176.0,36412.0
1514,39720.0,29892.0,27260.0,36264.0
1515,39492.0,31498.0,28376.0,33832.0
1516,39304.0,32764.0,29128.0,31220.0
1517,38504.0,34032.0,30080.0,29660.0
1518,37040.0,35424.0,31976.0,31076.0
1519,35216.0,37504.0,31840.0,30225.0
1520,33696.0,40524.0,32772.0,29532.0
1521,33040.0,43748.0,33120.0,30496.0
1522,33256.0,46456.0,32608.0,30144.0
1523,34284.0,48896.0,32984.0,30528.0
1524,35416.0,50496.0,32652.0,32064.0
1525,36216.0,52760.0,31936.0,34484.0
1526,36812.0,54312.0,31704.0,36296.0
1527,37892.0,55432.0,31900.0,37376.0
1528,39616.0,54400.0,31848.0,41280.0
1529,41240.0,53376.0,29428.0,50872.0
1530,42156.0,54936.0,27256.0,20072.0
1531,41264.0,56344.0,20000.0,37008.0
1532,38408.0,54420.0,22132.0,30496.0
1533,34096.0,50536.0,28840.0,35652.0
1534,29496.0,45088.0,27332.0,34184.0
1535,25916.0,39352.0,27344.0,33888.0
1536,24848.0,34184.0,27304.0,33704.0
1537,25944.0,29896.0,27552.0,33968.0
1538,27992.0,26088.0,26656.0,33257.0
1539,29464.0,22904.0,26608.0,32716.0
1540,30704.0,19972.0,27308.0,33024.0
1541,32576.0,17424.0,27520.0,32980.0
1542,35264.0,15252.0,27589.0,33200.0
1543,37888.0,13397.0,27304.0,32760.0
1544,38784.0,11856.0,27284.0,32636.0
1545,38648.0,10356.0,27220.0,33088.0
1546,38116.0,10356.0,27480.0,33320.0
1547,37192.0,13762.0,27000.0,33484.0
1548,35512.0,17156.0,26620.0,33032.0
1549,34704.0,19964.0,26282.0,33092.0
1550,34664.0,21184.0,25340.0,33616.0
1551,34504.0,18956.0,24160.0,33728.0
1552,34520.0,16080.0,23560.0,31380.0
1553,34024.0,13812.0,25940.0,32800.0
1554,32768.0,11936.0,25068.0,32008.0
1555,31800.0,11392.0,24656.0,30680.0
1556,32232.0,13232.0,24848.0,32416.0
1557,33312.0,16893.0,23116.0,36088.0
1558,32680.0,17380.0,21664.0,37660.0
1559,30492.0,16673.0,25360.0,37112.0
1560,27968.0,16660.0,24332.0,39176.0
1561,26192.0,18580.0,25100.0,36160.0
1562,25234.0,20944.0,26556.0,35796.0
1563,24532.0,23036.0,27453.0,36336.0
1564,23880.0,25376.0,27820.0,34960.0
1565,23676.0,28580.0,28620.0,33336.0
1566,23796.0,33000.0,29152.0,32816.0
1567,24156.0,37288.0,29644.0,30280.0
1568,25394.0,40912.0,30488.0,29480.0
1569,28156.0,43720.0,31504.0,30476.0
1570,32344.0,46624.0,31400.0,30272.0
1571,36836.0,48968.0,31400.0,29784.0
1572,40524.0,50936.0,32004.0,30556.0
1573,43568.0,52196.0,32056.0,30728.0
1574,45720.0,51448.0,32280.0,31888.0
1575,46580.0,46976.0,32016.0,34000.0
1576,46400.0,40688.0,31048.0,36488.0
1577,46200.0,36360.0,31800.0,38680.0
1578,46816.0,34108.0,31736.0,38672.0
1579,48024.0,33288.0,12796.0,56304.0
1580,48552.0,34448.0,34400.0,40412.0
1581,47096.0,33264.0,30972.0,31628.0
1582,43328.0,29152.0,18604.0,24076.0
1583,38092.0,25244.0,29576.0,36792.0
1584,33424.0,21988.0,27348.0,33996.0
1585,29960.0,19292.0,27672.0,34136.0
1586,27304.0,16876.0,27440.0,33432.0
1587,26116.0,14720.0,27376.0,33600.0
1588,26352.0,13425.0,26952.0,33384.0
1589,26760.0,12344.0,26892.0,32848.0
1590,26634.0,11624.0,27488.0,33488.0
1591,25968.0,12625.0,27064.0,33288.0
1592,25832.0,14540.0,27184.0,33176.0
1593,26056.0,17152.0,27584.0,33176.0
1594,25340.0,20760.0,27340.0,33364.0
1595,24028.0,24120.0,27160.0,33408.0
1596,23228.0,27212.0,27384.0,33440.0
1597,23088.0,30756.0,27144.0,33636.0
1598,23972.0,34944.0,27256.0,33896.0
1599,25584.0,38580.0,26792.0,33968.0
1600,26904.0,41884.0,26024.0,33760.0
1601,27392.0,44504.0,25720.0,33752.0
1602,26556.0,45736.0,25592.0,33440.0
1603,24624.0,46784.0,25936.0,33392.0
1604,22272.0,47648.0,26244.0,32992.0
1605,20512.0,48600.0,24204.0,31200.0
1606,19644.0,48172.0,25780.0,32496.0
1607,20184.0,49876.0,24761.0,35320.0
1608,22328.0,51888.0,21856.0,36968.0
1609,24712.0,53564.0,23400.0,39572.0
1610,25968.0,55056.0,24034.0,40304.0
1611,26000.0,56152.0,22208.0,39168.0
1612,25616.0,56736.0,24768.0,36076.0
1613,26388.0,57324.0,26308.0,34956.0
1614,28008.0,58448.0,27032.0,33928.0
1615,29000.0,59656.0,27992.0,32084.0
1616,29056.0,60184.0,29276.0,31380.0
1617,28220.0,60208.0,29384.0,29072.0
1618,27136.0,61032.0,29800.0,27256.0
1619,26376.0,61564.0,29656.0,27460.0
1620,26128.0,62064.0,29624.0,27564.0
1621,26508.0,61504.0,29664.0,28036.0
1622,27496.0,62240.0,29048.0,28544.0
1623,28572.0,62688.0,28352.0,29940.0
1624,29480.0,63024.0,27352.0,30712.0
1625,30192.0,63232.0,26392.0,31136.0
1626,30888.0,63596.0,25404.0,31848.0
1627,31744.0,63464.0,25304.0,32740.0
1628,32808.0,63052.0,24364.0,32628.0
1629,33936.0,62376.0,23088.0,33128.0
1630,34856.0,61824.0,22376.0,33928.0
1631,35720.0,60040.0,20692.0,33448.0
1632,36640.0,58232.0,20744.0,35496.0
1633,37288.0,55704.0,23528.0,38264.0
1634,37744.0,52072.0,23388.0,37920.0
1635,38608.0,48528.0,27000.0,43248.0
1636,39808.0,44856.0,26720.0,44560.0
1637,40712.0,40912.0,27532.0,43132.0
1638,40764.0,36384.0,18256.0,22432.0
1639,38976.0,31952.0,20316.0,36752.0
1640,35496.0,28216.0,29376.0,35124.0
1641,31540.0,24796.0,25952.0,34940.0
1642,27340.0,22660.0,26808.0,33616.0
1643,23816.0,20476.0,27184.0,32836.0
1644,21720.0,18480.0,27148.0,32980.0
1645,22124.0,16824.0,27220.0,33216.0
1646,23584.0,14837.0,27532.0,32720.0
1647,24364.0,13257.0,27492.0,32836.0
1648,23736.0,11592.0,27536.0,32864.0
1649,22272.0,10384.0,27544.0,32836.0
1650,21204.0,9048.0,27588.0,32752.0
1651,21264.0,7924.0,27564.0,32688.0
1652,22996.0,7000.0,27412.0,32576.0
1653,26788.0,6060.0,27272.0,32536.0
1654,31480.0,5352.0,27088.0,32688.0
1655,35672.0,5148.0,26976.0,33112.0
1656,39324.0,5606.0,26868.0,33260.0
1657,42544.0,6464.0,26768.0,33496.0
1658,44920.0,6709.0,26704.0,33108.0
1659,46456.0,6768.0,26481.0,32948.0
1660,47232.0,6984.0,26824.0,33212.0
1661,48200.0,7608.0,25956.0,33184.0
1662,50088.0,6814.0,24792.0,32448.0
1663,51908.0,5881.0,24572.0,31500.0
1664,53504.0,5052.0,22508.0,31416.0
1665,54856.0,5718.0,20268.0,30080.0
1666,55184.0,10660.0,20068.0,31056.0
1667,54464.0,15836.0,18948.0,34200.0
1668,52912.0,19384.0,23500.0,31128.0
1669,51392.0,22264.0,24372.0,34780.0
1670,50680.0,24960.0,26792.0,32584.0
1671,50408.0,27736.0,28568.0,33552.0
1672,49968.0,30920.0,29520.0,33480.0
1673,49292.0,34256.0,30032.0,33800.0
1674,48544.0,37216.0,30056.0,33672.0
1675,48016.0,39344.0,30520.0,34144.0
1676,48088.0,40944.0,31028.0,33668.0
1677,49496.0,42284.0,30592.0,33056.0
1678,51432.0,44320.0,30136.0,33352.0
1679,53120.0,46848.0,29800.0,32696.0
1680,54288.0,49148.0,30136.0,32092.0
1681,55256.0,50560.0,30216.0,31804.0
1682,56272.0,50760.0,30392.0,32920.0
1683,57376.0,51688.0,29964.0,34592.0
1684,58336.0,53000.0,29748.0,36844.0
1685,59176.0,54496.0,30152.0,38788.0
1686,59896.0,55968.0,29528.0,40720.0
1687,60368.0,57128.0,29216.0,41624.0
1688,60352.0,58160.0,18640.0,54952.0
1689,59824.0,59080.0,13012.0,55024.0
1690,59144.0,59744.0,32256.0,20876.0
1691,58400.0,59072.0,21853.0,37000.0
1692,56960.0,55468.0,28704.0,35464.0
1693,53664.0,50248.0,27612.0,33828.0
1694,48344.0,45896.0,27392.0,33464.0
1695,42352.0,41188.0,27512.0,33648.0
1696,37284.0,35884.0,27272.0,33584.0
1697,33032.0,31892.0,27488.0,33520.0
1698,31440.0,29576.0,27258.0,33344.0
1699,33408.0,28864.0,27392.0,33400.0
1700,36040.0,29320.0,27604.0,33496.0
1701,37416.0,29168.0,27452.0,33412.0
1702,37440.0,28736.0,27324.0,33152.0
1703,35808.0,28176.0,27372.0,33132.0
1704,33296.0,28160.0,27260.0,32800.0
1705,31298.0,29424.0,27088.0,33024.0
1706,30832.0,32116.0,27192.0,33140.0
1707,32088.0,35200.0,27184.0,33028.0
1708,33824.0,38560.0,27388.0,33232.0
1709,35440.0,41748.0,26988.0,33152.0
1710,37212.0,44632.0,26624.0,33364.0
1711,39424.0,46768.0,26508.0,33536.0
1712,42344.0,48056.0,26088.0,33984.0
1713,45188.0,48736.0,25968.0,33428.0
1714,47096.0,49672.0,24820.0,33160.0
1715,47968.0,50504.0,24776.0,32684.0
1716,48392.0,48864.0,23876.0,31312.0
1717,49536.0,44072.0,25160.0,31124.0
1718,51456.0,40832.0,23412.0,32340.0
1719,53008.0,38200.0,22972.0,39940.0
1720,53400.0,35032.0,20564.0,38268.0
1721,51952.0,32716.0,23000.0,42420.0
1722,49936.0,31092.0,21896.0,37880.0
1723,48840.0,30412.0,24152.0,36264.0
1724,48468.0,31016.0,25584.0,36736.0
1725,47692.0,33208.0,26744.0,34684.0
1726,46104.0,37508.0,27560.0,31864.0
1727,44108.0,41376.0,29428.0,29680.0
1728,42400.0,44352.0,30416.0,29160.0
1729,40940.0,47272.0,31464.0,28540.0
1730,39392.0,49648.0,32360.0,28976.0
1731,37668.0,51664.0,32616.0,28944.0
1732,36512.0,53168.0,32776.0,29388.0
1733,36812.0,53824.0,32880.0,30112.0
1734,38204.0,54728.0,32496.0,30624.0
1735,40024.0,55924.0,32340.0,31296.0
1736,42432.0,57104.0,31972.0,33112.0
1737,45392.0,57904.0,31616.0,34716.0
1738,47972.0,58592.0,30992.0,35960.0
1739,50200.0,59328.0,31816.0,35760.0
1740,52032.0,59264.0,23352.0,51096.0
1741,53588.0,56844.0,34592.0,39204.0
1742,53656.0,53336.0,21800.0,31976.0
1743,50736.0,50060.0,20132.0,26468.0
1744,45424.0,44136.0,29704.0,35272.0
1745,39656.0,38784.0,27024.0,33376.0
1746,34752.0,33756.0,27768.0,34484.0
1747,30452.0,29488.0,27064.0,33416.0
1748,27816.0,25868.0,27340.0,33712.0
1749,28124.0,23400.0,27048.0,33448.0
1750,30296.0,22244.0,27256.0,33384.0
1751,32576.0,21280.0,27404.0,33400.0
1752,33856.0,19568.0,27096.0,33272.0
1753,33944.0,17592.0,27136.0,33184.0
1754,33656.0,15490.0,27328.0,33356.0
1755,33412.0,13876.0,27260.0,32896.0
1756,33196.0,13388.0,27184.0,33012.0
1757,34272.0,14934.0,27260.0,33808.0
1758,36820.0,17360.0,27512.0,33724.0
1759,40464.0,19212.0,27384.0,33984.0
1760,43464.0,20996.0,27616.0,33968.0
1761,46080.0,21868.0,26604.0,34392.0
1762,48452.0,22680.0,24868.0,33564.0
1763,50400.0,24224.0,23612.0,33036.0
1764,51248.0,23456.0,23708.0,32664.0
1765,51008.0,19992.0,24776.0,32184.0
1766,49684.0,17200.0,24996.0,31740.0
1767,49448.0,19220.0,24480.0,32372.0
1768,51440.0,25144.0,23348.0,37940.0
1769,53024.0,27968.0,23852.0,38036.0
1770,52880.0,28944.0,23928.0,42560.0
1771,51288.0,29828.0,22444.0,38252.0
1772,50144.0,30572.0,23876.0,36788.0
1773,50456.0,31624.0,24756.0,37036.0
1774,51352.0,32228.0,25804.0,36320.0
1775,51440.0,31720.0,26592.0,33080.0
1776,50648.0,31200.0,28080.0,30248.0
1777,49608.0,31032.0,31000.0,29216.0
1778,49020.0,30972.0,31608.0,28754.0
1779,49000.0,31100.0,32956.0,28372.0
1780,49200.0,31624.0,33208.0,27812.0
1781,48908.0,32496.0,33136.0,28732.0
1782,48112.0,36064.0,32896.0,29524.0
1783,48064.0,39832.0,32700.0,30728.0
1784,48752.0,43076.0,32036.0,32072.0
1785,49384.0,45808.0,31492.0,34860.0
1786,50580.0,48264.0,30624.0,37056.0
1787,51864.0,50296.0,31136.0,37744.0
1788,52464.0,51832.0,33488.0,49760.0
1789,52056.0,52128.0,25620.0,52408.0
1790,50092.0,52136.0,31480.0,24752.0
1791,47242.0,50288.0,22024.0,28788.0
1792,44784.0,45268.0,24408.0,33296.0
1793,42928.0,40144.0,28076.0,34696.0
1794,42576.0,37328.0,27340.0,33912.0
1795,42232.0,34312.0,27632.0,33848.0
1796,40980.0,29904.0,27268.0,33640.0
1797,39864.0,26248.0,27536.0,33728.0
1798,39384.0,24656.0,27064.0,33712.0
1799,38952.0,24368.0,26700.0,32936.0
1800,37908.0,23824.0,27584.0,33436.0
1801,36184.0,22888.0,27392.0,33208.0
1802,34204.0,21980.0,27104.0,33008.0
1803,32040.0,21684.0,27212.0,33040.0
1804,30436.0,22144.0,27172.0,32648.0
1805,29344.0,23624.0,27236.0,33136.0
1806,28508.0,25888.0,27180.0,33672.0
1807,28256.0,28540.0,27176.0,33116.0
1808,28588.0,31768.0,27688.0,33764.0
1809,29508.0,34248.0,27736.0,34612.0
1810,30844.0,34656.0,26354.0,33856.0
1811,32744.0,32760.0,26600.0,34032.0
1812,34624.0,29352.0,25288.0,33300.0
1813,35348.0,25384.0,25272.0,33936.0
1814,34864.0,22024.0,25184.0,33180.0
1815,33952.0,20008.0,23584.0,32480.0
1816,33676.0,19028.0,25140.0,32568.0
1817,34784.0,20482.0,25348.0,31912.0
1818,37072.0,22220.0,22980.0,37296.0
1819,38912.0,21572.0,23592.0,39328.0
1820,39000.0,20592.0,24256.0,40096.0
1821,37888.0,21576.0,21316.0,36840.0
1822,38244.0,24280.0,23072.0,35748.0
1823,40696.0,26877.0,24472.0,35898.0
1824,43016.0,28532.0,25184.0,35552.0
1825,44232.0,28588.0,26524.0,34400.0
1826,44208.0,28396.0,27860.0,32672.0
1827,42460.0,28448.0,28944.0,31920.0
1828,39704.0,28696.0,29696.0,30576.0
1829,37000.0,28784.0,30208.0,29592.0
1830,34948.0,29240.0,31688.0,30032.0
1831,34008.0,30076.0,31564.0,30128.0
1832,34336.0,31300.0,31648.0,30384.0
1833,35640.0,33536.0,31992.0,30576.0
1834,37712.0,36832.0,31964.0,30916.0
1835,39336.0,40208.0,32168.0,31336.0
1836,40500.0,43460.0,32020.0,32300.0
1837,41780.0,46216.0,31636.0,33920.0
1838,43200.0,48628.0,31012.0,35544.0
1839,44944.0,50768.0,31472.0,36060.0
1840,46912.0,52576.0,32868.0,37116.0
1841,48508.0,54140.0,33264.0,38392.0
1842,49368.0,55640.0,21688.0,21808.0
1843,48960.0,56016.0,19280.0,34920.0
1844,46640.0,50104.0,29624.0,36976.0
1845,43104.0,43636.0,27568.0,33796.0
1846,40632.0,39688.0,27784.0,34072.0
1847,38512.0,34976.0,27356.0,33928.0
1848,35660.0,30548.0,27140.0,33696.0
1849,33464.0,26688.0,27220.0,33656.0
1850,33152.0,23936.0,27272.0,33644.0
1851,33912.0,23024.0,27408.0,33656.0
1852,34512.0,23584.0,27433.0,33604.0
1853,34520.0,25324.0,27320.0,33504.0
1854,34100.0,27640.0,27328.0,33324.0
1855,33368.0,29980.0,27440.0,33480.0
1856,32428.0,31576.0,27428.0,33628.0
1857,31492.0,33192.0,27004.0,33400.0
1858,30608.0,34920.0,27136.0,33080.0
1859,29760.0,36192.0,27720.0,33856.0
1860,29144.0,37264.0,27480.0,34084.0
1861,29608.0,38808.0,27276.0,33708.0
1862,31376.0,40368.0,28468.0,34184.0
1863,33084.0,43168.0,27952.0,34744.0
1864,34416.0,45928.0,26720.0,33888.0
1865,35332.0,46464.0,26440.0,34232.0
1866,36096.0,46476.0,26052.0,34412.0
1867,36040.0,44928.0,24712.0,33504.0
1868,34780.0,40248.0,23484.0,32984.0
1869,32820.0,34828.0,22592.0,31880.0
1870,31916.0,32036.0,24400.0,31552.0
1871,32360.0,34780.0,24560.0,35352.0
1872,33176.0,37656.0,25056.0,39180.0
1873,32708.0,38520.0,24328.0,36192.0
1874,30880.0,37360.0,22504.0,38012.0
1875,29000.0,34964.0,23424.0,35564.0
1876,28428.0,32080.0,24808.0,36360.0
1877,29076.0,29376.0,25284.0,35936.0
1878,29504.0,26816.0,26268.0,35288.0
1879,28672.0,24292.0,26928.0,35560.0
1880,26484.0,22552.0,27660.0,33136.0
1881,23660.0,22224.0,28288.0,30584.0
1882,21248.0,23477.0,30444.0,30244.0
1883,19744.0,26008.0,31508.0,30232.0
1884,19304.0,29716.0,31816.0,29340.0
1885,20056.0,33952.0,32464.0,29176.0
1886,21440.0,38008.0,32984.0,29984.0
1887,23016.0,41784.0,33080.0,30312.0
1888,24682.0,44684.0,33684.0,31808.0
1889,25772.0,47304.0,32216.0,33280.0
1890,26320.0,49248.0,32388.0,34608.0
1891,27512.0,49584.0,32080.0,36180.0
1892,29256.0,49096.0,31812.0,35672.0
1893,30960.0,48392.0,34380.0,32964.0
1894,31848.0,46472.0,52068.0,18196.0
1895,31004.0,44160.0,17196.0,16970.0
1896,28412.0,39840.0,14714.0,28724.0
1897,24808.0,34600.0,30744.0,36824.0
1898,21564.0,30492.0,27348.0,34256.0
1899,18896.0,29284.0,27936.0,34376.0
1900,17152.0,27802.0,27360.0,33808.0
1901,16752.0,27484.0,27156.0,33532.0
1902,17488.0,27412.0,27100.0,33384.0
1903,17952.0,27328.0,27472.0,33460.0
1904,18140.0,28464.0,27600.0,33560.0
1905,18152.0,30780.0,27456.0,33236.0
1906,17808.0,33768.0,27120.0,32772.0
1907,17144.0,36624.0,27200.0,33000.0
1908,16940.0,39560.0,27452.0,33492.0
1909,17200.0,42480.0,27272.0,32836.0
1910,17520.0,45440.0,27224.0,33168.0
1911,18096.0,48016.0,27360.0,33332.0
1912,19268.0,50280.0,27028.0,33160.0
1913,20624.0,51920.0,26772.0,33304.0
1914,21952.0,51864.0,26636.0,33568.0
1915,23524.0,50624.0,26404.0,33644.0
1916,25568.0,49328.0,26036.0,33984.0
1917,27824.0,44984.0,25292.0,32996.0
1918,29768.0,38968.0,24756.0,33080.0
1919,30444.0,33904.0,26016.0,32608.0
1920,29724.0,29480.0,25436.0,32168.0
1921,28896.0,26356.0,24956.0,32264.0
1922,30628.0,26096.0,25128.0,32288.0
1923,34328.0,28560.0,23560.0,34684.0
1924,36112.0,31064.0,21460.0,37852.0
1925,34384.0,31644.0,24376.0,38324.0
1926,30320.0,30456.0,23384.0,41772.0
1927,27284.0,29984.0,24164.0,36808.0
1928,26644.0,31120.0,26800.0,35120.0
1929,27808.0,33064.0,27796.0,34732.0
1930,29192.0,34688.0,27892.0,33960.0
1931,29324.0,36304.0,28368.0,31932.0
1932,28984.0,38076.0,30008.0,31680.0
1933,29512.0,41276.0,29968.0,29208.0
1934,31080.0,44376.0,29972.0,28180.0
1935,33408.0,46640.0,29808.0,28020.0
1936,37008.0,48928.0,29980.0,29056.0
1937,40596.0,51028.0,29908.0,29448.0
1938,43632.0,52848.0,29344.0,29840.0
1939,46144.0,54496.0,28432.0,30880.0
1940,47864.0,55872.0,27440.0,31380.0
1941,49072.0,56940.0,26668.0,31664.0
1942,50448.0,58168.0,26292.0,32888.0
1943,52112.0,59032.0,25356.0,32524.0
1944,53696.0,59656.0,24436.0,32048.0
1945,55080.0,60296.0,23824.0,32152.0
1946,56304.0,61112.0,22384.0,32560.0
1947,57384.0,61560.0,21360.0,33804.0
1948,57912.0,61720.0,21980.0,35416.0
1949,56720.0,61616.0,22720.0,37384.0
1950,53280.0,60536.0,24120.0,39504.0
1951,47248.0,58216.0,26912.0,42160.0
1952,41336.0,54264.0,27304.0,42144.0
1953,36600.0,49152.0,25728.0,40076.0
1954,33476.0,44320.0,32336.0,41444.0
1955,31716.0,40016.0,22988.0,19516.0
1956,31660.0,35296.0,27356.0,40776.0
1957,33776.0,30992.0,24824.0,37108.0
1958,36316.0,29064.0,28100.0,34288.0
1959,36096.0,31808.0,27260.0,34696.0
1960,31332.0,36508.0,27352.0,32200.0
1961,27328.0,40576.0,27460.0,32724.0
1962,24172.0,43904.0,27176.0,32960.0
1963,23948.0,46680.0,27264.0,32832.0
1964,27176.0,49144.0,27512.0,32900.0
1965,31544.0,51272.0,27344.0,32744.0
1966,35068.0,52984.0,27392.0,32864.0
1967,36712.0,54628.0,27468.0,32976.0
1968,37048.0,55792.0,27476.0,32656.0
1969,36280.0,56008.0,27524.0,32904.0
1970,35140.0,55728.0,27388.0,32864.0
1971,34844.0,54656.0,27440.0,32812.0
1972,35416.0,53844.0,27496.0,32532.0
1973,36888.0,53332.0,27412.0,32856.0
1974,38520.0,52824.0,27300.0,33112.0
1975,39724.0,51488.0,27272.0,33032.0
1976,40876.0,50024.0,27164.0,33020.0
1977,42304.0,49400.0,26864.0,33200.0
1978,44344.0,49448.0,26788.0,33228.0
1979,46608.0,48560.0,26600.0,33312.0
1980,48664.0,45600.0,26912.0,33688.0
1981,50208.0,40800.0,26248.0,33220.0
1982,51084.0,36328.0,25768.0,32896.0
1983,52144.0,31660.0,24748.0,32684.0
1984,53784.0,27780.0,23792.0,31752.0
1985,55168.0,24096.0,21008.0,30924.0
1986,56072.0,22417.0,21188.0,29576.0
1987,55508.0,23540.0,19648.0,32200.0
1988,53160.0,21628.0,20488.0,34712.0
1989,49916.0,19280.0,23956.0,31584.0
1990,46760.0,20956.0,28396.0,35840.0
1991,44888.0,24428.0,28368.0,32704.0
1992,44056.0,29352.0,28616.0,32984.0
1993,43104.0,34128.0,29188.0,34316.0
1994,41424.0,38240.0,29008.0,34608.0
1995,39040.0,41788.0,28812.0,33089.0
1996,36548.0,44376.0,29816.0,34016.0
1997,34808.0,45840.0,30292.0,34512.0
1998,34392.0,45960.0,29544.0,33104.0
1999,35364.0,44288.0,30136.0,33052.0
2000,36876.0,41744.0,30060.0,32504.0
2001,38096.0,38292.0,30240.0,32496.0
2002,38784.0,33928.0,30376.0,32856.0
2003,39448.0,29556.0,29796.0,32504.0
2004,40488.0,25544.0,30540.0,34100.0
2005,41912.0,22296.0,29112.0,36416.0
2006,43408.0,19264.0,28204.0,37080.0
2007,44952.0,16894.0,28608.0,39456.0
2008,47048.0,15056.0,27760.0,40368.0
2009,49368.0,13652.0,18137.0,56164.0
2010,51384.0,12488.0,20496.0,46568.0
2011,52544.0,11004.0,25880.0,29180.0
2012,52400.0,9568.0,27644.0,32508.0
2013,49568.0,8620.0,28352.0,34936.0
2014,44668.0,9445.0,26388.0,33784.0
2015,39816.0,10906.0,27232.0,34160.0
2016,34896.0,9429.0,27168.0,33704.0
2017,30528.0,8165.0,27236.0,33704.0
2018,27056.0,7239.0,27652.0,33888.0
2019,24840.0,7058.0,27224.0,33624.0
2020,23340.0,8028.0,27440.0,33540.0
2021,22048.0,9036.0,27456.0,33684.0
2022,20232.0,10252.0,27324.0,33588.0
2023,17858.0,11428.0,27256.0,33120.0
2024,15768.0,12009.0,27280.0,32796.0
2025,13973.0,12388.0,27396.0,33280.0
2026,12529.0,12272.0,27328.0,33204.0
2027,11538.0,12028.0,27301.0,33072.0
2028,10942.0,11408.0,27392.0,32992.0
2029,10968.0,9960.0,27160.0,33040.0
2030,11232.0,8466.0,26912.0,32592.0
2031,11672.0,7256.0,26880.0,33332.0
2032,12708.0,6256.0,27164.0,33832.0
2033,13640.0,5469.0,24700.0,33336.0
2034,14056.0,4860.0,25528.0,33400.0
2035,14092.0,4801.0,25380.0,33104.0
2036,14240.0,4602.0,25236.0,32888.0
2037,14252.0,3863.0,24816.0,31352.0
2038,13490.0,4461.0,25864.0,30964.0
2039,12176.0,8156.0,22504.0,32904.0
2040,10832.0,13688.0,23516.0,41096.0
2041,9776.0,18972.0,22328.0,38840.0
2042,8616.0,23020.0,21536.0,41808.0
2043,7678.0,26968.0,22144.0,37136.0
2044,8032.0,31192.0,23928.0,35848.0
2045,9976.0,35212.0,25312.0,36904.0
2046,11641.0,38212.0,25872.0,33724.0
2047,11584.0,40288.0,26988.0,30156.0
2048,10016.0,42740.0,29356.0,29512.0
2049,8620.0,44608.0,30432.0,30100.0
2050,7972.0,46520.0,31156.0,28576.0
2051,7778.0,48352.0,31480.0,28464.0
2052,8401.0,49880.0,32072.0,29996.0
2053,10284.0,50856.0,31680.0,29340.0
2054,12418.0,52536.0,32712.0,31016.0
2055,13904.0,53520.0,31816.0,30960.0
2056,14788.0,54872.0,30944.0,31404.0
2057,15892.0,55896.0,31544.0,32840.0
2058,17785.0,57248.0,30272.0,34556.0
2059,20704.0,58392.0,29288.0,37232.0
2060,24560.0,59260.0,29240.0,39408.0
2061,28536.0,59520.0,28928.0,41352.0
2062,32136.0,60648.0,12802.0,49560.0
2063,35400.0,60920.0,11757.0,54956.0
2064,37584.0,60616.0,25504.0,32208.0
2065,38456.0,60992.0,23028.0,34336.0
2066,38024.0,60792.0,28988.0,34540.0
2067,36076.0,59176.0,27672.0,33568.0
2068,33144.0,57920.0,27276.0,33756.0
2069,29496.0,54528.0,27208.0,33632.0
2070,25696.0,50996.0,27258.0,33616.0
2071,22428.0,47952.0,27060.0,33528.0
2072,20448.0,46432.0,27288.0,33356.0
2073,20324.0,46080.0,27384.0,33568.0
2074,21194.0,45796.0,27224.0,33160.0
2075,22496.0,45224.0,27320.0,33356.0
2076,23708.0,43792.0,27384.0,32552.0
2077,24444.0,41976.0,27512.0,33336.0
2078,25024.0,40312.0,27596.0,33064.0
2079,25748.0,39200.0,27296.0,32584.0
2080,26752.0,38760.0,27376.0,33200.0
2081,28256.0,39668.0,27428.0,33172.0
2082,30140.0,41472.0,27160.0,32748.0
2083,32172.0,43776.0,27114.0,32824.0
2084,34192.0,44588.0,26796.0,33360.0
2085,36404.0,44944.0,26624.0,32784.0
2086,38584.0,44864.0,25660.0,33040.0
2087,40152.0,43680.0,25853.0,33424.0
2088,40852.0,41712.0,24228.0,32800.0
2089,40548.0,38632.0,25904.0,33208.0
2090,39472.0,34032.0,25544.0,32480.0
2091,37996.0,29760.0,25044.0,31072.0
2092,36480.0,27820.0,25668.0,31336.0
2093,35392.0,30152.0,23944.0,33384.0
2094,33912.0,32876.0,22700.0,38768.0
2095,32080.0,34340.0,21620.0,39096.0
2096,29712.0,35336.0,23384.0,42120.0
2097,27300.0,38456.0,22232.0,38184.0
2098,25952.0,42240.0,24304.0,36096.0
2099,25888.0,45180.0,25648.0,35644.0
2100,26052.0,47912.0,26888.0,35688.0
2101,25560.0,50184.0,27676.0,32200.0
2102,24633.0,52160.0,29464.0,29532.0
2103,23720.0,53816.0,30800.0,30284.0
2104,22768.0,55112.0,30856.0,29456.0
2105,21868.0,56416.0,31296.0,28948.0
2106,21072.0,57608.0,32496.0,30048.0
2107,20324.0,58660.0,32116.0,30080.0
2108,19532.0,59448.0,31952.0,30476.0
2109,18860.0,59908.0,31816.0,31152.0
2110,18354.0,61000.0,31752.0,31776.0
2111,17954.0,61528.0,31604.0,32896.0
2112,18580.0,62104.0,30696.0,34184.0
2113,21576.0,62528.0,29716.0,36348.0
2114,25952.0,62552.0,29840.0,38456.0
2115,30132.0,63200.0,30368.0,39104.0
2116,33068.0,63368.0,33380.0,49980.0
2117,34624.0,62656.0,31028.0,35352.0
2118,35148.0,61576.0,29648.0,31436.0
2119,34592.0,60384.0,18137.0,23660.0
2120,32688.0,56536.0,29552.0,36872.0
2121,29472.0,50968.0,26628.0,32824.0
2122,25572.0,47112.0,27580.0,34168.0
2123,22272.0,42408.0,27336.0,33340.0
2124,19904.0,38444.0,27380.0,33688.0
2125,19248.0,35084.0,27192.0,33424.0
2126,20096.0,32016.0,27272.0,33312.0
2127,21048.0,29116.0,27232.0,33148.0
2128,21428.0,26440.0,27488.0,33264.0
2129,21632.0,23648.0,27196.0,33096.0
2130,22044.0,20968.0,27092.0,33012.0
2131,22368.0,18448.0,27348.0,33112.0
2132,22504.0,16194.0,27300.0,33088.0
2133,23170.0,14144.0,27360.0,33280.0
2134,24156.0,12398.0,27188.0,32996.0
2135,24916.0,10894.0,27168.0,32756.0
2136,26052.0,10132.0,27248.0,33200.0
2137,27436.0,10996.0,27058.0,33536.0
2138,28964.0,11746.0,26781.0,33388.0
2139,31140.0,10106.0,26048.0,33184.0
2140,34128.0,8887.0,25840.0,33600.0
2141,37036.0,7832.0,24688.0,32668.0
2142,38696.0,6781.0,25984.0,32896.0
2143,38696.0,5988.0,25376.0,32676.0
2144,37600.0,5376.0,24940.0,31480.0
2145,37080.0,4722.0,24488.0,30940.0
2146,38680.0,7892.0,23536.0,32640.0
2147,41544.0,9146.0,21736.0,36432.0
2148,43176.0,9736.0,21688.0,39412.0
2149,42064.0,11228.0,23248.0,42960.0
2150,39664.0,12628.0,22620.0,38904.0
2151,38280.0,14213.0,24204.0,36784.0
2152,38784.0,16192.0,25928.0,36568.0
2153,40632.0,16576.0,26880.0,35728.0
2154,42828.0,16596.0,27912.0,31432.0
2155,43212.0,15480.0,29028.0,29904.0
2156,41760.0,13418.0,30808.0,30360.0
2157,39472.0,11500.0,31168.0,28616.0
2158,37200.0,10794.0,32728.0,28760.0
2159,35300.0,11008.0,33152.0,29744.0
2160,33712.0,10777.0,31988.0,29380.0
2161,32768.0,11022.0,32544.0,29752.0
2162,33088.0,13284.0,32640.0,30704.0
2163,35016.0,16308.0,31708.0,32148.0
2164,38728.0,20344.0,31404.0,33608.0
2165,42280.0,25056.0,31516.0,35728.0
2166,45184.0,29968.0,32200.0,36600.0
2167,47184.0,34436.0,32404.0,51064.0
2168,47296.0,38424.0,15800.0,55944.0
2169,45392.0,41708.0,26816.0,17832.0
2170,41808.0,41632.0,12730.0,34778.0
2171,36928.0,36888.0,25928.0,32392.0
2172,32312.0,31672.0,29232.0,35600.0
2173,29148.0,27348.0,27128.0,33728.0
2174,27016.0,23744.0,27708.0,33932.0
2175,24428.0,20744.0,27128.0,33592.0
2176,21968.0,18132.0,27360.0,33592.0
2177,20192.0,16058.0,26960.0,33348.0
2178,18536.0,14908.0,27496.0,33352.0
2179,16556.0,14316.0,27628.0,33464.0
2180,14612.0,14488.0,27328.0,33152.0
2181,12909.0,15832.0,27248.0,32948.0
2182,11406.0,17324.0,27316.0,33160.0
2183,10097.0,18708.0,27328.0,33068.0
2184,8992.0,20800.0,27232.0,33020.0
2185,8866.0,23648.0,27084.0,33288.0
2186,9956.0,25268.0,26908.0,33368.0
2187,11884.0,24721.0,26520.0,33856.0
2188,14392.0,22212.0,26480.0,33584.0
2189,17248.0,20728.0,25544.0,33804.0
2190,19890.0,19952.0,24576.0,33100.0
2191,21106.0,19360.0,25936.0,33360.0
2192,20188.0,18008.0,26268.0,32808.0
2193,18128.0,15729.0,24952.0,31976.0
2194,17396.0,14338.0,25340.0,31572.0
2195,19104.0,16604.0,23900.0,33000.0
2196,21704.0,20100.0,22852.0,40220.0
2197,23220.0,22712.0,21620.0,39240.0
2198,23016.0,24088.0,22048.0,42720.0
2199,21444.0,25472.0,21304.0,37228.0
2200,20632.0,28060.0,23152.0,35520.0
2201,21492.0,30072.0,24980.0,34976.0
2202,23116.0,30024.0,26352.0,33928.0
2203,23936.0,29136.0,27500.0,33136.0
2204,23580.0,28004.0,28872.0,30880.0
2205,22536.0,27488.0,30372.0,30496.0
2206,21832.0,27404.0,30500.0,29120.0
2207,22228.0,27468.0,31344.0,28588.0
2208,23576.0,27876.0,32504.0,29544.0
2209,25469.0,28600.0,32160.0,29880.0
2210,27568.0,30584.0,31888.0,30580.0
2211,29736.0,34228.0,31792.0,31220.0
2212,31724.0,38352.0,31560.0,31724.0
2213,33652.0,41748.0,30936.0,33604.0
2214,36356.0,44104.0,30296.0,35024.0
2215,39584.0,46668.0,30896.0,36052.0
2216,42720.0,48872.0,29884.0,38016.0
2217,45432.0,50948.0,28072.0,45120.0
2218,47776.0,52704.0,16568.0,56408.0
2219,49280.0,53992.0,31608.0,36640.0
2220,48944.0,54272.0,33360.0,31896.0
2221,46168.0,52720.0,16884.0,33952.0
2222,41352.0,49584.0,22928.0,30544.0
2223,36056.0,44056.0,27712.0,34572.0
2224,31424.0,39156.0,27168.0,34028.0
2225,27402.0,36112.0,27648.0,33840.0
2226,24225.0,33316.0,27228.0,33640.0
2227,22436.0,30156.0,27456.0,33720.0
2228,21540.0,27768.0,27040.0,33448.0
2229,20609.0,26408.0,27320.0,33456.0
2230,19292.0,25858.0,27264.0,33436.0
2231,17636.0,25148.0,27480.0,33540.0
2232,15936.0,24440.0,27472.0,33448.0
2233,14620.0,24988.0,27224.0,33208.0
2234,13992.0,25800.0,27252.0,33120.0
2235,13474.0,26456.0,27184.0,33144.0
2236,12980.0,27172.0,27392.0,33192.0
2237,13108.0,28764.0,27400.0,33380.0
2238,13956.0,32048.0,27176.0,33248.0
2239,15426.0,34648.0,27044.0,33456.0
2240,17900.0,35812.0,26540.0,33412.0
2241,21100.0,37328.0,26276.0,33292.0
2242,24824.0,39668.0,26144.0,33608.0
2243,28820.0,41364.0,27264.0,32988.0
2244,32816.0,42520.0,25116.0,32808.0
2245,36420.0,44184.0,25712.0,33388.0
2246,39248.0,46224.0,26376.0,33556.0
2247,41108.0,48560.0,25440.0,32300.0
2248,42212.0,50636.0,25786.0,32568.0
2249,43144.0,51396.0,25604.0,32608.0
2250,44152.0,52620.0,23552.0,35060.0
2251,43504.0,54248.0,22332.0,37668.0
2252,40592.0,55360.0,23144.0,39992.0
2253,36716.0,55776.0,22584.0,44456.0
2254,33508.0,56736.0,23040.0,36936.0
2255,31876.0,57920.0,26244.0,35592.0
2256,31168.0,58068.0,26792.0,34620.0
2257,30504.0,56912.0,27952.0,33876.0
2258,29382.0,56160.0,28896.0,32176.0
2259,27844.0,57000.0,29772.0,31164.0
2260,26369.0,58352.0,30236.0,30796.0
2261,25168.0,59328.0,30436.0,30084.0
2262,24592.0,60116.0,30624.0,30016.0
2263,24896.0,60744.0,29984.0,29504.0
2264,25420.0,60624.0,29632.0,29480.0
2265,25544.0,59944.0,29580.0,30068.0
2266,25580.0,59168.0,28836.0,30756.0
2267,25676.0,57328.0,28364.0,31088.0
2268,25188.0,54508.0,27853.0,31528.0
2269,24156.0,51216.0,27048.0,31592.0
2270,23284.0,47580.0,26492.0,32256.0
2271,21824.0,43576.0,25816.0,32720.0
2272,19444.0,38480.0,25144.0,32752.0
2273,17100.0,33632.0,24280.0,32800.0
2274,15130.0,29404.0,22908.0,33072.0
2275,13688.0,25776.0,22164.0,35072.0
2276,12336.0,22504.0,20516.0,36488.0
2277,11284.0,19884.0,21048.0,39620.0
2278,11126.0,17704.0,22528.0,41364.0
2279,11542.0,16356.0,25800.0,43488.0
2280,13028.0,16112.0,26784.0,47224.0
2281,15264.0,17016.0,24776.0,42388.0
2282,17512.0,19065.0,23292.0,27264.0
2283,19116.0,21529.0,24360.0,37724.0
2284,18728.0,23460.0,27952.0,33872.0
2285,16402.0,22024.0,25800.0,37744.0
2286,14120.0,19272.0,27360.0,33192.0
2287,12396.0,17634.0,27292.0,32536.0
2288,13300.0,17856.0,27180.0,32948.0
2289,17390.0,20092.0,27312.0,33036.0
2290,22480.0,21232.0,27448.0,33088.0
2291,26788.0,19924.0,27536.0,33176.0
2292,29544.0,17484.0,27460.0,32836.0
2293,30792.0,15012.0,27424.0,32892.0
2294,31724.0,13146.0,27340.0,32680.0
2295,33220.0,11460.0,27280.0,32480.0
2296,35192.0,10216.0,27384.0,32676.0
2297,37728.0,8954.0,27264.0,32728.0
2298,40984.0,7626.0,27264.0,32756.0
2299,43948.0,6947.0,27344.0,33008.0
2300,46512.0,6024.0,27264.0,33252.0
2301,48752.0,5600.0,27088.0,32968.0
2302,50708.0,5081.0,27000.0,33168.0
2303,52416.0,4585.0,26852.0,33456.0
2304,53720.0,4004.0,26840.0,33192.0
2305,54376.0,3686.0,26912.0,32996.0
2306,54688.0,3246.0,26588.0,33288.0
2307,55608.0,2979.0,26232.0,33328.0
2308,56760.0,3570.0,25632.0,32928.0
2309,57792.0,5192.0,24956.0,32812.0
2310,58680.0,6248.0,23476.0,32092.0
2311,59464.0,7212.0,22160.0,31056.0
2312,60120.0,7802.0,21644.0,30268.0
2313,59568.0,10248.0,21976.0,30448.0
2314,57752.0,12148.0,21060.0,32232.0
2315,55456.0,10688.0,22516.0,35448.0
2316,52800.0,9140.0,27020.0,28244.0
2317,50000.0,9342.0,26896.0,34164.0
2318,48360.0,10648.0,27704.0,32508.0
2319,47528.0,12724.0,28624.0,33064.0
2320,46344.0,14429.0,29408.0,34028.0
2321,44800.0,15560.0,29584.0,34392.0
2322,43168.0,15854.0,29676.0,35192.0
2323,41872.0,15400.0,29960.0,34256.0
2324,40872.0,14840.0,29896.0,33696.0
2325,40216.0,14420.0,30224.0,34152.0
2326,39956.0,14154.0,30344.0,34004.0
2327,39744.0,14452.0,30368.0,33748.0
2328,39608.0,14992.0,30768.0,34748.0
2329,39872.0,15912.0,29756.0,34792.0
2330,40784.0,17152.0,29548.0,34976.0
2331,42092.0,18820.0,30084.0,35880.0
2332,43496.0,20978.0,29812.0,37092.0
2333,44576.0,23416.0,28864.0,36948.0
2334,45336.0,26608.0,28696.0,37648.0
2335,46432.0,29144.0,28908.0,38440.0
2336,47728.0,31140.0,28172.0,38592.0
2337,48712.0,33496.0,27996.0,39408.0
2338,50024.0,36240.0,28392.0,40580.0
2339,51600.0,38252.0,44184.0,43120.0
2340,52248.0,39484.0,32056.0,25404.0
2341,51400.0,41216.0,25068.0,37140.0
2342,48992.0,41552.0,20348.0,31268.0
2343,45256.0,37592.0,25928.0,33616.0
2344,40688.0,32312.0,27120.0,33416.0
2345,35796.0,28924.0,27408.0,33748.0
2346,31460.0,27338.0,27488.0,33668.0
2347,28028.0,25916.0,27520.0,33492.0
2348,26688.0,24520.0,27012.0,33456.0
2349,27408.0,24128.0,27044.0,33288.0
2350,28988.0,25192.0,27224.0,33144.0
2351,30160.0,27492.0,27357.0,33184.0
2352,30688.0,30296.0,27360.0,33092.0
2353,30928.0,32572.0,27360.0,33244.0
2354,30652.0,34216.0,27212.0,32776.0
2355,30348.0,35456.0,27352.0,33016.0
2356,30008.0,36476.0,27292.0,32976.0
2357,29176.0,37176.0,27172.0,32920.0
2358,28764.0,37656.0,27236.0,32832.0
2359,28968.0,38612.0,27156.0,33080.0
2360,28908.0,38080.0,26916.0,33460.0
2361,28912.0,36560.0,26360.0,32820.0
2362,29536.0,35404.0,26352.0,33912.0
2363,30284.0,34292.0,26368.0,33416.0
2364,30932.0,32536.0,25792.0,33436.0
2365,31256.0,30488.0,25872.0,32776.0
2366,31120.0,27856.0,25256.0,32908.0
2367,31000.0,24172.0,25376.0,31792.0
2368,31184.0,21544.0,25424.0,31024.0
2369,31844.0,22488.0,23140.0,31952.0
2370,32408.0,23360.0,21952.0,37840.0
2371,31832.0,23340.0,21256.0,40328.0
2372,29704.0,22720.0,23172.0,38492.0
2373,26864.0,21424.0,23200.0,38432.0
2374,24840.0,21736.0,24608.0,36032.0
2375,24684.0,23160.0,26468.0,34880.0
2376,25844.0,24896.0,27616.0,34332.0
2377,26256.0,27564.0,28216.0,31680.0
2378,25520.0,29704.0,29336.0,30608.0
2379,24440.0,31244.0,30216.0,30848.0
2380,23200.0,33632.0,30420.0,30096.0
2381,22272.0,36816.0,30953.0,29520.0
2382,21956.0,39616.0,31704.0,30848.0
2383,22284.0,42464.0,32136.0,30988.0
2384,22904.0,43752.0,32220.0,31132.0
2385,23668.0,45308.0,31748.0,31376.0
2386,24492.0,47904.0,31652.0,32396.0
2387,25372.0,50112.0,31084.0,33916.0
2388,26780.0,51984.0,29916.0,35972.0
2389,28916.0,53652.0,29332.0,37296.0
2390,31848.0,55160.0,29652.0,39008.0
2391,34668.0,56448.0,29048.0,40040.0
2392,36704.0,57540.0,29208.0,40280.0
2393,37576.0,58488.0,29336.0,41068.0
2394,37280.0,59040.0,15786.0,55160.0
2395,36640.0,59840.0,25280.0,33632.0
2396,36080.0,59016.0,27548.0,32048.0
2397,35124.0,58216.0,19554.0,35656.0
2398,32956.0,56592.0,26720.0,33604.0
2399,29552.0,52948.0,27080.0,33552.0
2400,25632.0,49052.0,27512.0,34328.0
2401,22352.0,45144.0,27296.0,33724.0
2402,19848.0,42056.0,27320.0,33720.0
2403,18980.0,41068.0,27168.0,33512.0
2404,20040.0,41344.0,27184.0,33508.0
2405,22264.0,40432.0,27288.0,33512.0
2406,24300.0,39320.0,27396.0,33592.0
2407,25544.0,38572.0,27500.0,33608.0
2408,26520.0,37792.0,27405.0,33636.0
2409,27712.0,35776.0,27360.0,33312.0
2410,29112.0,32692.0,27152.0,33016.0
2411,30580.0,29544.0,27280.0,33228.0
2412,31968.0,27520.0,27284.0,33140.0
2413,33236.0,26880.0,27316.0,33368.0
2414,34176.0,27245.0,27232.0,33136.0
2415,34568.0,28280.0,27208.0,33184.0
2416,34976.0,28736.0,27248.0,33480.0
2417,36032.0,28672.0,26628.0,33500.0
2418,37248.0,28116.0,25952.0,33420.0
2419,38888.0,27012.0,26168.0,33764.0
2420,40312.0,24928.0,26016.0,33552.0
2421,40836.0,22544.0,24984.0,32608.0
2422,40712.0,19940.0,25996.0,33120.0
2423,40552.0,17296.0,25506.0,32444.0
2424,40864.0,15168.0,24336.0,31212.0
2425,41712.0,13402.0,25828.0,31888.0
2426,42616.0,13928.0,23320.0,34880.0
2427,43056.0,14201.0,21697.0,39488.0
2428,43028.0,14202.0,21376.0,39000.0
2429,43292.0,15760.0,23260.0,42376.0
2430,44140.0,18678.0,21505.0,37280.0
2431,45576.0,21962.0,23968.0,36304.0
2432,46972.0,25452.0,26176.0,36200.0
2433,47500.0,29852.0,27488.0,35952.0
2434,47592.0,34560.0,27716.0,32392.0
2435,47544.0,38084.0,29444.0,30512.0
2436,47808.0,39500.0,30592.0,29824.0
2437,48464.0,39016.0,31352.0,29128.0
2438,48264.0,37812.0,31936.0,28984.0
2439,47016.0,36476.0,32228.0,29132.0
2440,45624.0,36816.0,32376.0,29352.0
2441,44376.0,37744.0,32448.0,29804.0
2442,43768.0,38320.0,32228.0,30752.0
2443,43680.0,38136.0,31552.0,31732.0
2444,44016.0,39076.0,31328.0,34548.0
2445,44924.0,40640.0,29884.0,37660.0
2446,46800.0,42736.0,29840.0,39528.0
2447,49036.0,45612.0,30616.0,41348.0
2448,51040.0,47892.0,31204.0,38760.0
2449,52764.0,49536.0,18888.0,55648.0
2450,53824.0,49376.0,22632.0,27188.0
2451,53472.0,49484.0,26912.0,39136.0
2452,51496.0,49368.0,20884.0,30764.0
2453,48296.0,46512.0,27316.0,34220.0
2454,45040.0,40728.0,27892.0,34220.0
2455,41916.0,35440.0,27040.0,33816.0
2456,38624.0,30768.0,27500.0,33924.0
2457,35912.0,26772.0,27392.0,33748.0
2458,34560.0,23448.0,27280.0,33704.0
2459,34024.0,20328.0,27080.0,33464.0
2460,34328.0,17698.0,27228.0,33524.0
2461,34872.0,15642.0,27308.0,33552.0
2462,34692.0,13792.0,27064.0,33560.0
2463,33820.0,12496.0,27336.0,33408.0
2464,32888.0,10994.0,27996.0,33720.0
2465,31534.0,10422.0,27840.0,33764.0
2466,29792.0,11592.0,27584.0,33568.0
2467,28768.0,15296.0,27264.0,33848.0
2468,29932.0,19148.0,26772.0,33392.0
2469,33888.0,20772.0,26568.0,33592.0
2470,38216.0,18468.0,26120.0,33848.0
2471,41496.0,15808.0,25624.0,33816.0
2472,42840.0,13912.0,23792.0,33004.0
2473,40936.0,12356.0,24952.0,33052.0
2474,36536.0,10724.0,24568.0,32984.0
2475,32428.0,9328.0,26440.0,32621.0
2476,30688.0,8920.0,25508.0,32500.0
2477,31812.0,13328.0,23040.0,35496.0
2478,34440.0,20492.0,24256.0,41004.0
2479,36144.0,26352.0,21884.0,36752.0
2480,36756.0,29832.0,21936.0,39888.0
2481,37512.0,31884.0,22272.0,35776.0
2482,38388.0,33632.0,24112.0,35408.0
2483,38584.0,34744.0,25224.0,36736.0
2484,37724.0,35264.0,26000.0,34276.0
2485,36304.0,35896.0,27688.0,31816.0
2486,35060.0,35988.0,29608.0,30968.0
2487,34648.0,35608.0,30580.0,30972.0
2488,35296.0,34028.0,30480.0,29640.0
2489,36824.0,32072.0,31472.0,29048.0
2490,38664.0,29664.0,32368.0,29968.0
2491,39912.0,26186.0,31808.0,29844.0
2492,40096.0,22656.0,32180.0,30268.0
2493,39600.0,19948.0,31852.0,30644.0
2494,39408.0,17840.0,31768.0,31236.0
2495,40072.0,16848.0,31340.0,33500.0
2496,41324.0,17552.0,30924.0,35504.0
2497,43568.0,18276.0,31676.0,37512.0
2498,45940.0,18828.0,32408.0,38928.0
2499,47872.0,20224.0,33352.0,44012.0
2500,49344.0,22464.0,32372.0,50544.0
2501,49888.0,25324.0,27592.0,19228.0
2502,48624.0,25392.0,15460.0,39064.0
2503,44712.0,22168.0,25441.0,32448.0
2504,39416.0,20040.0,28932.0,34824.0
2505,35320.0,19332.0,27176.0,33944.0
2506,32232.0,19062.0,27464.0,33832.0
2507,29284.0,18820.0,27368.0,33984.0
2508,27464.0,19452.0,27152.0,33788.0
2509,27916.0,20796.0,26868.0,33636.0
2510,29712.0,22564.0,27132.0,33632.0
2511,31128.0,24000.0,27420.0,33736.0
2512,31392.0,24868.0,27320.0,33676.0
2513,30704.0,25724.0,27476.0,33620.0
2514,29992.0,26064.0,27428.0,33520.0
2515,29700.0,24640.0,27432.0,33496.0
2516,29012.0,22096.0,27916.0,33984.0
2517,28468.0,20432.0,27820.0,34152.0
2518,29220.0,18332.0,26988.0,33760.0
2519,31120.0,15769.0,26756.0,33832.0
2520,33624.0,13800.0,26252.0,34260.0
2521,35456.0,12996.0,24800.0,33504.0
2522,35628.0,13584.0,24728.0,33084.0
2523,34392.0,14456.0,25216.0,33080.0
2524,32232.0,14732.0,25952.0,32396.0
2525,30888.0,13885.0,24736.0,31440.0
2526,32272.0,12628.0,24264.0,32968.0
2527,35440.0,17328.0,21996.0,35744.0
2528,38268.0,24056.0,21296.0,37232.0
2529,40152.0,28896.0,22068.0,35292.0
2530,40248.0,31716.0,22020.0,38552.0
2531,38956.0,33260.0,24888.0,36836.0
2532,38180.0,33612.0,26088.0,36140.0
2533,38584.0,32416.0,27208.0,36812.0
2534,39400.0,30052.0,28192.0,34560.0
2535,39364.0,27852.0,29396.0,32588.0
2536,37816.0,28000.0,30392.0,32004.0
2537,34892.0,30752.0,31380.0,30448.0
2538,31224.0,34168.0,32316.0,30308.0
2539,27136.0,37112.0,32932.0,30800.0
2540,23736.0,39812.0,32920.0,31624.0
2541,21312.0,43040.0,32748.0,31140.0
2542,20772.0,45944.0,33068.0,31020.0
2543,22364.0,48408.0,33528.0,32248.0
2544,25136.0,50512.0,32788.0,33548.0
2545,28008.0,52240.0,31808.0,35092.0
2546,31080.0,53880.0,31104.0,36696.0
2547,34804.0,55048.0,30656.0,38136.0
2548,38768.0,56148.0,30352.0,38492.0
2549,42112.0,57656.0,30296.0,40536.0
2550,44864.0,58488.0,38960.0,43172.0
2551,46336.0,58584.0,25384.0,21524.0
2552,46180.0,58432.0,23456.0,36124.0
2553,43512.0,56880.0,24504.0,33068.0
2554,38584.0,50528.0,28360.0,35312.0
2555,33552.0,44932.0,27764.0,33788.0
2556,29160.0,40736.0,27348.0,33736.0
2557,25800.0,37736.0,27316.0,33800.0
2558,24240.0,34800.0,27276.0,33556.0
2559,23948.0,31664.0,27036.0,33576.0
2560,24660.0,29528.0,27452.0,33728.0
2561,25352.0,28668.0,27184.0,33352.0
2562,25612.0,27040.0,27564.0,33552.0
2563,25824.0,24920.0,27556.0,33504.0
2564,26096.0,22670.0,27288.0,33240.0
2565,26424.0,20100.0,27168.0,32768.0
2566,27136.0,17538.0,27262.0,33360.0
2567,28324.0,15536.0,27316.0,33352.0
2568,29840.0,14448.0,27360.0,33336.0
2569,31608.0,14990.0,27332.0,33370.0
2570,33560.0,16938.0,27248.0,33484.0
2571,35452.0,19700.0,27076.0,33344.0
2572,36888.0,23584.0,27216.0,33416.0
2573,38472.0,28836.0,27544.0,33912.0
2574,41480.0,33616.0,27524.0,34024.0
2575,44372.0,37834.0,26988.0,33564.0
2576,45968.0,41412.0,26764.0,33424.0
2577,47232.0,43900.0,27280.0,33800.0
2578,48632.0,43944.0,26444.0,33504.0
2579,49600.0,41480.0,25728.0,33620.0
2580,50124.0,38660.0,25912.0,33764.0
2581,49440.0,34856.0,25436.0,33904.0
2582,48024.0,30592.0,24552.0,33028.0
2583,46972.0,27324.0,25516.0,32800.0
2584,44800.0,24272.0,25180.0,32088.0
2585,40828.0,20920.0,23608.0,34452.0
2586,35944.0,18360.0,23904.0,36732.0
2587,31356.0,16148.0,23608.0,38088.0
2588,27660.0,14928.0,24612.0,35396.0
2589,25792.0,13874.0,24828.0,38128.0
2590,25896.0,12480.0,26188.0,35704.0
2591,26684.0,11510.0,27352.0,34880.0
2592,26304.0,12180.0,27744.0,34552.0
2593,24456.0,13900.0,28224.0,33440.0
2594,22428.0,16120.0,29340.0,32056.0
2595,20736.0,18332.0,30392.0,32624.0
2596,19642.0,21428.0,30404.0,30720.0
2597,19424.0,25124.0,29818.0,29988.0
2598,19700.0,29220.0,30112.0,30440.0
2599,19340.0,32628.0,30472.0,31504.0
2600,18792.0,36184.0,30104.0,31700.0
2601,18096.0,38968.0,29824.0,32004.0
2602,17450.0,40512.0,29584.0,32232.0
2603,17332.0,40736.0,28272.0,31888.0
2604,17864.0,39992.0,28384.0,32844.0
2605,19504.0,38536.0,28208.0,33388.0
2606,21740.0,36760.0,26888.0,32864.0
2607,24052.0,34332.0,27104.0,32976.0
2608,26184.0,31560.0,26364.0,32764.0
2609,28032.0,29104.0,25792.0,32628.0
2610,29832.0,26592.0,25212.0,32440.0
2611,31600.0,23132.0,24144.0,32568.0
2612,33304.0,20280.0,24224.0,33764.0
2613,34696.0,17412.0,23080.0,33884.0
2614,35864.0,15276.0,23272.0,35472.0
2615,36624.0,13308.0,25044.0,36744.0
2616,36680.0,12004.0,26528.0,34992.0
2617,36720.0,11018.0,25372.0,37120.0
2618,36960.0,10712.0,11980.0,43824.0
2619,36356.0,11012.0,29296.0,23640.0
2620,35792.0,9880.0,24736.0,35976.0
2621,34928.0,8942.0,27948.0,32120.0
2622,34120.0,7784.0,28264.0,32560.0
2623,33660.0,7120.0,27360.0,33188.0
2624,32892.0,6310.0,27208.0,33080.0
2625,31776.0,5480.0,27280.0,32952.0
2626,29960.0,4876.0,27368.0,32936.0
2627,28120.0,4322.0,27224.0,32688.0
2628,26800.0,3779.0,27432.0,33084.0
2629,26028.0,3317.0,27332.0,32764.0
2630,25480.0,2751.0,27336.0,32508.0
2631,25332.0,2626.0,27216.0,32984.0
2632,25600.0,2351.0,27284.0,32936.0
2633,26192.0,2332.0,27304.0,32912.0
2634,27040.0,2554.0,27264.0,32876.0
2635,27584.0,3797.0,27300.0,33012.0
2636,28100.0,5187.0,27336.0,33064.0
2637,28888.0,7161.0,27364.0,32980.0
2638,29608.0,8602.0,27332.0,33044.0
2639,29784.0,9832.0,27400.0,33056.0
2640,30168.0,10696.0,27392.0,33116.0
2641,30928.0,10680.0,27356.0,33036.0
2642,31812.0,9266.0,27376.0,33056.0
2643,32592.0,8006.0,27364.0,33060.0
2644,33152.0,6762.0,27340.0,33060.0
2645,33564.0,5972.0,27360.0,33048.0
2646,33648.0,5676.0,27312.0,33024.0
2647,33600.0,5981.0,27344.0,33016.0
2648,33804.0,6344.0,27356.0,33028.0
2649,34520.0,7316.0,27344.0,32960.0
2650,35372.0,7558.0,27324.0,33032.0
2651,35940.0,8532.0,27304.0,33120.0
2652,36152.0,10064.0,27320.0,33184.0
2653,36248.0,12776.0,27248.0,33052.0
2654,36800.0,15968.0,27136.0,32956.0
