9.69286050034579,7.1571507369104,31981.3333333333,27334.6666666667
80.4623516153608,59.6098216594881,31853,27400
332.117504270079,247.203560860399,31786.4,27480
931.323968246664,697.484417956348,31547.2,27473.6
2037.73266272574,1537.50328137754,31377.6,27461.6
3761.66485240692,2862.4747433857,31340,27472.8
6144.60556216225,4720.28871834745,31227.2,27413.2
9155.00812879586,7108.54360377166,30898.4,27418.8
12693.725508351,9981.04569166987,30659.2,27529.2
16605.6979299115,13259.7386878498,30492,27559.6
20696.1141833833,16847.832865769,30305.6,27574
24749.5227704173,20641.3086009956,30362.4,27472
28549.7716251645,24537.4425268131,30873.8,27099.2
31898.335983743,28439.9268840251,31803.4,27062.4
34629.1334267247,32261.2658170217,31980.2,26824.8
36618.8531699811,35924.141296949,31520.2,26738.4
37792.5656477965,39363.0580311488,31879.4,26824
38124.8660842243,42526.2360730913,32027.2,27036.8
37637.159809717,45377.1340298379,31620,26960
36391.9677862596,47894.6996197274,31989.6,27136.8
34485.3321656642,50071.038229664,32955.2,27171.2
32038.3921607751,51906.1528958331,32886.4,27146.4
29188.9203647839,53401.6245570553,32804,27174.4
26083.1831252543,54556.2126781676,32806.4,27126.4
22867.9319917883,55365.0515684664,32753.6,27152
19682.1218666131,55821.7823984649,32723.2,27204
16648.6486469536,55921.7778185719,32744.8,27252.8
13867.3345912415,55665.6045295681,32766.4,27292.8
11410.5119480023,55063.6632600633,32801.6,27345.6
9321.7858693159,54142.3540649344,32832.8,27376.8
7617.68650075812,52949.1414222472,32812,27380.8
6291.60332867676,51552.8704783808,32808.8,27384.8
5319.38608889203,50038.4832537928,32804.8,27385.6
4665.82291385217,48498.4759065175,32768,27385.6
4290.86548270705,47023.773760562,32687.2,27368.8
4154.46746699943,45695.437793109,32714.4,27369.6
4219.57322501432,44578.289607603,32738.4,27368
4453.43505382285,43717.4267893425,32744,27361.6
4827.5333073843,43137.3838890234,32768,27348.8
5316.49974701798,42842.6361668501,32800.8,27342.4
5896.81359339455,42818.5368169216,32756.8,27350.4
6546.08928789231,43033.0334230526,32701.6,27351.2
7243.19293409469,43440.0302356115,32638.4,27353.6
7968.65548328277,43984.6051946888,32603.2,27353.6
8704.69037000003,44609.5259896764,32594.4,27367.2
9434.68442287254,45261.6871580245,32579.2,27357.6
10142.5560025733,45896.7191300248,32575.2,27359.2
10812.4134567461,46481.3563989829,32576.8,27361.6
11428.9705930913,46994.3204888602,32580,27361.6
11979.1385320049,47426.0186511168,32589.6,27362.4
12454.3889563932,47776.9001641835,32600.8,27364.8
12852.6325328955,48054.5564983558,32617.6,27363.2
13178.6470911087,48270.1171700679,32631.2,27359.2
13442.9951053175,48434.5617990993,32632.8,27359.2
13660.0186688972,48555.1879614778,32635.2,27359.2
13845.654171249,48632.7342724517,32642.4,27356.8
14015.5573801974,48660.4657371546,32643.2,27357.6
14183.6932481796,48626.1944999523,32642.4,27359.2
14361.361083468,48516.455705357,32640.8,27358.4
14556.665607863,48320.6877390161,32638.4,27354.4
14774.5510966849,48033.4246868174,32632.8,27355.2
15017.3368034459,47653.8774371455,32627.2,27355.2
15285.3685343565,47183.9994288124,32629.6,27356
15577.4715495967,46626.6823813743,32636,27353.6
15891.2030694194,45984.7709529428,32643.2,27354.4
16222.9663467606,45260.7699663341,32648.8,27353.6
16568.0906541094,44457.1451596306,32656.8,27349.6
16921.1671367535,43577.0966091593,32664,27349.6
17276.6758418341,42625.2423783909,32666.4,27348
17629.3851230992,41607.3843756319,32660.8,27344.8
17974.0859292445,40528.8658025698,32666.4,27344
18304.8220508626,39391.9505913701,32667.2,27345.6
18614.068432894,38193.6943033751,32672,27340
18892.1436308721,36925.7601552735,32673.6,27341.6
19126.90321643,35576.2982352606,32677.6,27336.8
19303.6848201137,34132.8885409757,32681.6,27336
19405.581979183,32585.5606198829,32688.8,27332.8
19414.3789844197,30929.3447969354,32692.8,27334.4
19312.543795468,29165.9926085068,32699.2,27334.4
19086.169332847,27304.6357049614,32711.2,27338.4
18728.0236211417,25361.475339675,32713.6,27336
18239.7265770578,23358.7744456767,32716.8,27339.2
17632.6618940676,21323.4074467711,32716,27340
16927.7783768466,19285.1735622162,32716.8,27336.8
16154.4287552976,17275.0103192,32716,27336.8
15348.4790175388,15323.2855252835,32716.8,27336
14550.4034144494,13458.3270277993,32718.4,27332.8
13803.8940997647,11705.1515476064,32720.8,27330.4
13154.5842411422,10084.4045282324,32719.2,27332.8
12648.1755812872,8611.63564874189,32718.8,27329.6
12327.6266168165,7296.84747492956,32718,27328
12229.3793605209,6144.31052530609,32716.4,27326.4
12379.0755670709,5152.83132014718,32710.8,27327.2
12787.6945053244,4316.4124983896,32713.2,27324
13449.0745806556,3625.04042612071,32708.8,27326.4
14339.6443566945,3065.51852446459,32701.6,27329.6
15420.9311142885,2622.39554620356,32688.8,27332
16644.5484596523,2278.95970732454,32680,27337.6
17958.2287443604,2018.16235342436,32669.6,27339.2
19311.1622169637,1823.35799372654,32668,27340.8
20657.6408901274,1678.92514245062,32665.6,27337.6
21958.8304285426,1570.84764937974,32668,27336.8
23183.0049977782,1487.12136663119,32676.8,27330.4
24305.2002885322,1417.90053543507,32680.8,27331.2
25307.3590967546,1355.52992467528,32680,27331.2
26178.9858640286,1294.52425058273,32680.8,27332.8
26917.4868067971,1231.5577784246,32681.6,27334.4
27527.8472933406,1165.75499965176,32676.8,27336
28021.918490965,1099.22994990556,32673.6,27336.8
28417.4456100421,1037.34197375869,32671.2,27332
28736.7421999263,988.347154438525,32672,27333.6
29005.0133636868,962.378483617532,32672,27332.8
29248.4580983704,969.850161630351,32669.6,27332
29492.3640281071,1019.74502133701,32668.8,27332.8
29759.4802881174,1118.25751026482,32668.8,27333.6
30068.9224422539,1267.9470709426,32665.6,27333.6
30435.62177955,1467.3072744524,32665.6,27336.8
30870.0168622123,1710.57526683756,32666.4,27336.8
31377.7006760488,1987.77591937531,32664.8,27337.6
31959.0694313489,2285.16129921039,32668,27341.6
32609.2376542685,2586.16483936675,32669.6,27341.6
33318.4996473307,2872.87875778732,32672,27340.8
34073.512563049,3127.85192446139,32672,27340
34859.0092140826,3335.738939137,32677.6,27334.4
35659.538442158,3484.45261820846,32678.4,27331.2
36460.9858709914,3565.88769836387,32678.4,27329.6
37251.8158067124,3576.3316423196,32676,27326.4
38023.6882964225,3516.48559421176,32678.4,27326.4
38771.2746172719,3391.05213137536,32679.2,27328
39491.7289200039,3208.00679309154,32677.6,27329.6
40184.4038937073,2977.78843352294,32676,27330.4
40851.0202570726,2712.64289382052,32677.6,27328
41496.1132570694,2426.34842076662,32676.8,27328
42127.3612476703,2134.54389229054,32676.8,27328.8
42755.4140227195,1855.6588862687,32675.2,27330.4
43393.0363975657,1612.4101514273,32674.4,27335.2
44053.588264697,1434.07339274375,32681.6,27338.4
44748.984003134,1359.28449627107,32683.2,27340
45487.267981683,1437.87745253381,32681.6,27341.6
46270.02864919,1729.7973422819,32683.2,27345.6
47090.3577502447,2300.38641263806,32684.8,27347.2
47932.0440751121,3213.1431333752,32674.4,27354.4
48769.7445765987,4521.84576042906,32671.2,27359.2
49569.7735415396,6263.63872335468,32665.6,27366.4
50291.9799435603,8454.08035201051,32664,27363.2
50892.957164006,11084.6085278296,32667.2,27359.2
51329.9030420532,14122.4114252874,32674.4,27356.8
51564.3173353096,17512.5686232527,32676,27357.6
51565.1733531202,21182.2632505687,32681.6,27356
51311.4668529579,25046.3733835953,32683.2,27360.8
50794.0292061668,29013.4786132009,32682.4,27368
50016.4808072327,32991.5583886452,32680,27368.8
48995.2481476507,36892.9474352256,32679.2,27368
47758.4971639911,40638.4159677717,32676.8,27369.6
46343.8387993228,44160.3873506677,32675.2,27368
44795.0009625817,47405.1719077767,32680.8,27367.2
43157.9680377682,50334.0918727553,32685.6,27366.4
41477.0797439066,52923.5957920786,32688,27366.4
39791.6943717973,55164.5924617136,32693.6,27361.6
38134.1035583137,57061.1435660937,32698.4,27363.2
36528.7484591849,58628.5778445499,32692.8,27361.6
34992.2205063249,59891.2325099207,32686.4,27362.8
33533.8739814593,60880.1402838948,32682.4,27363.6
32157.102151538,61630.7163325802,32680,27364.4
30860.9751226991,62180.1997825008,32680,27364.4
29641.8585636346,62564.9634195507,32680,27364.4
28494.9108015681,62818.4229359271,32682.4,27362.4
27415.5127112785,62970.194542699,32688,27362.4
26400.5690003321,63046.3771432446,32689.6,27363.2
25449.4441995561,63070.1796921085,32686.4,27360.8
24564.3943916734,63062.2652334568,32688,27356
23750.531784487,63040.7030488426,32688.8,27360
23015.2578655859,63020.6447200422,32684,27356.8
22366.9888180784,63014.0043929152,32684.8,27357.6
21813.2422756273,63029.409996796,32686.4,27360
21358.5270166616,63072.3509751714,32683.2,27363.2
21002.6843211187,63145.3217954595,32681.6,27362.4
20740.4032511291,63247.9023913141,32683.2,27363.2
20562.1594000853,63376.8791747941,32680,27364
20455.838415946,63526.6058909744,32680.8,27361.6
20408.108718334,63689.7421838932,32685.6,27363.2
20405.2949123149,63858.3198762188,32688.8,27361.6
20433.9386032794,64024.7744695385,32691.2,27363.2
20481.3214677414,64182.5524732964,32692,27363.2
20536.1425450968,64326.3957916757,32691.2,27363.2
20589.355397612,64452.605638824,32690.4,27360.8
20635.082669795,64559.2548158061,32689.6,27360.8
20671.382180449,64646.1703046117,32686.4,27360.8
20700.5810266904,64714.661819774,32688.8,27359.2
20729.0839578218,64767.0993689837,32688,27360
20766.6327928576,64806.4715853565,32687.2,27361.6
20824.9290193281,64835.9591463218,32687.2,27364
20915.6525037169,64858.3675143296,32688.8,27364.8
21048.1617925623,64875.3854200177,32690.4,27365.6
21227.317168194,64887.0402766996,32690.4,27366.4
21451.9870160884,64891.3729837034,32690.4,27364
21714.8041393814,64883.6660332895,32689.6,27361.6
22003.1552380967,64854.6985571876,32692,27360.8
22300.6182026834,64787.9429669588,32688,27358.4
22588.1953749883,64656.4172758597,32685.6,27358.4
22845.3572733872,64420.7738129303,32685.6,27356
23051.1432928731,64029.8047007087,32684,27353.6
23185.5506200882,63423.6793327599,32680,27350.4
23231.3456756692,62539.7545796284,32681.6,27348
23176.1438668742,61320.1173735826,32688,27339.2
23014.446624996,59719.288112417,32686.4,27339.2
22749.3616771097,57710.3885256123,32691.2,27338.4
22393.702141366,55288.7106983551,32697.6,27336
21970.0404431197,52472.5344985718,32694.4,27338.4
21509.3364236967,49301.6304799456,32692.8,27341.6
21048.152352493,45834.0649760729,32696,27338
20624.9543242086,42141.9407070301,32694.4,27335.6
20276.1505834458,38306.6863495977,32695.2,27333.2
20032.4530640862,34414.2411298037,32699.2,27328.4
19916.3350415695,30550.2086476474,32695.2,27329.2
19941.2764964762,26795.2711387042,32693.6,27333.6
20112.4706717902,23221.3066943952,32693.6,27332.8
20427.9085696447,19888.5478628129,32687.2,27334.6
20879.31782838,16844.0437366063,32685.6,27336.2
21453.179292878,14121.1388125791,32689.6,27334.6
22132.0561687622,11739.2902238121,32688.8,27333.8
22896.221707912,9704.09970422533,32689.6,27335.4
23725.3517312915,8007.9919409298,32688,27337.2
24600.0089740134,6631.84652690579,32690.4,27334.8
25502.9770404445,5547.38009124121,32687.2,27332.4
26420.6502225197,4719.79310039773,32685.6,27333.2
27344.3152751505,4110.36228433984,32684,27334.8
28270.7820163907,3678.8619077397,32684,27333
29201.8116212058,3385.73234500812,32678.4,27335.8
30142.2496477964,3193.89193507504,32680.8,27339
31097.4322734481,3070.159193382,32681.6,27335.8
32070.731454878,2986.31109157695,32680.8,27333.4
33061.9936828511,2919.73239261112,32681.6,27334
34067.1287211004,2853.62131538315,32681.6,27332
35078.345305765,2776.76154505042,32678.4,27328.8
36084.4727904686,2682.85338610161,32676.8,27332
37071.5655711102,2569.56259117107,32676.8,27333.6
38024.2485392946,2437.56626863465,32680.8,27334.8
38927.6352430018,2289.67426125882,32684,27335.6
39769.1574839822,2129.98178261051,32684.2,27335.6
40539.7806839547,1963.09046910351,32685.8,27332.4
41234.4285457329,1793.5282702221,32684.2,27332.4
41851.7438486867,1625.45061840093,32681.8,27332
42393.5028877871,1462.50888136728,32681,27331.2
42864.0083388805,1307.77746921342,32683.2,27331.2
43269.6189409605,1163.77706536879,32684.8,27335.2
43618.2983548882,1032.49800243661,32683.2,27336
43918.9300884316,915.244743017224,32684,27334.4
44180.2913981511,812.492423326885,32683.2,27337.6
44409.7871119724,724.125306124199,32684.8,27338.4
44612.2863229073,650.048374047652,32684,27336.8
44789.6560786435,590.870317141037,32684.8,27338.4
44941.1847073199,548.359571451189,32684,27336.8
45064.290765914,525.531577056603,32683.2,27335.2
45155.1084689624,526.562642731296,32679.2,27339.2
45209.2152462862,556.781895260174,32676.8,27337.6
45222.5768144293,622.823587045589,32676,27334.8
45192.4018778102,733.024680089981,32678.4,27338
45117.7403446106,897.805269335415,32677.6,27341.2
44999.8265701434,1129.37079743555,32679.2,27338.8
44842.171502163,1440.5481828826,32680.8,27340.4
44650.4764376431,1843.32745887235,32684,27340
44432.5462075672,2347.56582903825,32682.4,27340
44198.2769074162,2959.63437032102,32683.2,27336.8
43959.4496367758,3680.8637673792,32680,27339.2
43728.8945090143,4506.41829814235,32681.6,27338.4
43518.9211008221,5425.34388665576,32680,27338.4
43339.3544004784,6421.76315465498,32679.2,27336.8
43195.7425918725,7476.71213959071,32680.8,27339.2
43088.5028281737,8570.35016181055,32682.4,27340
43013.4024188062,9684.34530876905,32682.4,27341.6
42962.6707811184,10803.8927051831,32685.6,27343.2
42925.9139367113,11918.8429435339,32682.4,27348.8
42891.1005594121,13023.7691274671,32680,27351.2
42846.1059600484,14116.9338402625,32680,27348
42780.4440406052,15198.4919235884,32676,27349.6
42686.5436062314,16268.8128794857,32672.8,27348
42560.4181765492,17327.6246427067,32676,27342.4
42401.8865159416,18374.0983248694,32678.4,27340.8
42214.4261639332,19407.8021366247,32675.2,27344
42004.7424819382,20430.301229999,32673.6,27344
41782.1939291814,21446.7493554402,32671.2,27348.8
41557.9763124733,22466.8297195364,32666.4,27355.2
41343.789370671,23504.9787474918,32665.6,27356.8
41149.9663112133,24580.0128126871,32668.8,27360
40983.3158667432,25714.0559014325,32667.2,27364.8
40845.0543640657,26930.7852813756,32673.6,27364.8
40729.5142221712,28253.1540645385,32678.4,27367.2
40624.3792463022,29700.6781208988,32680,27370.4
40512.278548888,31286.6903816073,32682.4,27368.8
40372.6820413106,33016.2289201908,32688.8,27367.2
40183.635447002,34884.9156404571,32687.2,27367.2
39923.6821678278,36878.8989383603,32688.8,27366.4
39573.9360629295,38975.7717350745,32688.8,27363.2
39119.8657254946,41146.1680060572,32688.8,27364
38552.6224024756,43355.7652336467,32692,27362.4
37869.9249141753,45567.5471434361,32689.6,27365.6
37076.4323820875,47744.1263295158,32686.4,27364
36183.5413421487,49849.859635953,32686.4,27364.8
35208.7070872538,51852.5971252625,32688.8,27365.6
34174.4728367499,53725.0425161982,32689.6,27365.6
33107.2159773509,55445.7155555803,32693.6,27365.6
32035.4767378693,56999.475108982,32698.4,27367.6
30987.8843345285,58377.608659549,32695.2,27365.2
29990.8230230172,59577.5773436872,32692,27362
29066.0627222882,60602.5081492173,32688.8,27364.4
28228.9980716958,61460.4760583366,32685.6,27364.4
27488.1768578786,62163.6239594811,32686.4,27362.4
26845.9104639726,62727.1804681738,32692.8,27361.6
26299.2873127985,63168.40699383,32689.6,27366.4
25841.2821388906,63505.5525854058,32688,27367.2
25461.7886098906,63756.8862076367,32691.2,27364
25148.4814267754,63939.815350154,32688,27365.6
24887.795677439,64070.2476653204,32686.4,27368.8
24666.3112136745,64162.3136604594,32692,27365.6
24472.376828402,64228.2659929084,32692,27361.6
24297.470567117,64278.39014447,32696,27363.2
24136.8817589581,64320.9501614764,32695.2,27362.4
23989.7155602325,64362.2017004813,32693.6,27363.2
23858.4463966583,64406.5010854375,32690.4,27361.6
23748.101022392,64456.5228679776,32693.6,27365.6
23665.035016163,64513.5113086834,32685.6,27367.2
23615.366650975,64577.5137734752,32686.4,27362.4
23603.2834302611,64647.6245352677,32684,27361.6
23629.6294143925,64722.2468861989,32680.8,27362.4
23691.3468176106,64799.3434951278,32679.2,27363.2
23781.9408849251,64876.6702266347,32681.6,27363.2
23892.3904921576,64952.0007067018,32677.6,27368
24011.9461979832,65023.2818976614,32678.4,27367.6
24128.7782748636,65088.5145881513,32682.4,27371.6
24230.6153818159,65145.1656423553,32680.8,27370.8
24305.5585967247,65189.4499585287,32682.4,27367.6
24343.1794779008,65216.2398509929,32691.2,27366
24335.7228661701,65219.7288442571,32691.2,27368.8
24279.0887141463,65194.0629864777,32690.4,27368
24173.3722377574,65133.4422958026,32692,27363.2
24022.9883557269,65032.1996597293,32690.4,27364
23836.4929652633,64885.1189248131,32686.4,27364
23625.970808267,64687.3944681368,32686.4,27361
23405.7117448041,64434.1866847359,32686.4,27358.6
23190.1821464954,64120.4076633146,32687.2,27358.6
22991.7060062534,63740.6593083499,32685.6,27359.4
22818.4090053775,63288.5052217739,32685.6,27360.2
22672.9853924946,62754.553349359,32688.8,27353.6
22552.6309983905,62123.5387519612,32690.4,27351.2
22449.7576193653,61371.4350339509,32692.8,27349.6
22352.7926886604,60464.4549122475,32689.6,27344
22247.0069963886,59361.3325378767,32684.8,27340.8
22115.7242855529,58018.4523881845,32680,27343.2
21942.0494863024,56396.2202374576,32676.8,27342.4
21710.9936363356,54465.230541574,32672.8,27339.2
21411.6495047796,52211.1585920553,32676.8,27333.6
21038.9775930652,49637.59265421,32679.2,27331.2
20594.9322279762,46766.596189176,32678.4,27330.4
20088.8881285409,43637.3213953075,32672,27328
19537.4509826177,40303.1861669639,32663.2,27333.6
18963.7021698771,36828.1307893083,32656,27340
18395.8147562997,33282.379469924,32657.6,27337.6
17864.9819234125,29738.1301942534,32660,27336.8
17402.7432376776,26265.5394803872,32666.4,27339.2
17037.9560347656,22929.1416270022,32677.6,27335.2
16793.9218465851,19784.8983377774,32684.8,27335.2
16686.4655194111,16878.1568654616,32684,27342.4
16723.3714906693,14242.4919572094,32684,27342.4
16904.6157323737,11899.2515735597,32684.8,27344
17222.7555792643,9857.8304582831,32683.2,27344
17663.6107784497,8116.71826281633,32680.8,27344
18207.4965048942,6665.0444315197,32676.8,27342.4
18830.9242698213,5484.35038430674,32680.8,27340.8
19508.6145716343,4550.80792260071,32680,27339.2
20215.5514671545,3838.09879732115,32677.6,27337.6
20928.7078373926,3320.53497847686,32678.4,27336
21628.3502853663,2975.64901153928,32681.6,27336
22299.1763855765,2785.60744962997,32676,27340
22931.4425520552,2737.02400899786,32674.4,27340.8
23521.7690062933,2819.23911420074,32676,27345.6
24073.0825542324,3021.93255289583,32676.8,27346.4
24593.4908414345,3333.15355841701,32673.6,27347.2
25094.3037563537,3738.20091268339,32676.8,27342.4
25587.6775636172,4219.06841857032,32675.2,27344.8
26084.6139905622,4753.96495082148,32674.4,27340.8
26593.7723902158,5317.04720442608,32672,27340.8
27120.7450296006,5879.04812805781,32672,27340
27667.4406679859,6408.93577089416,32665.6,27343.2
28231.8960091427,6876.17749070039,32672,27336.8
28808.8203764472,7253.1630707572,32670.4,27336.8
29390.7251334593,7517.39886965703,32671.2,27332.8
29969.3407273119,7653.27521371623,32674.4,27329.6
30536.9624060324,7653.28708452056,32680,27328
31087.3867026508,7518.52104756621,32672,27328
31616.4484358591,7258.39055769228,32671.2,27329.6
32122.4503927512,6889.68539716585,32669.6,27334.4
32606.5841348117,6434.80286428825,32670.4,27334.4
33073.0560824896,5919.23543402373,32664.8,27334.4
33528.5780504648,5368.91671170764,32671.2,27336
33981.2291578989,4808.04699012915,32672.8,27336
34439.0010862751,4257.6343990608,32678.4,27332.8
34908.365139785,3734.69811100769,32682.4,27332
35393.213878217,3251.98605082779,32693.6,27328.8
35894.3626073549,2818.05778083875,32697.2,27328.8
36409.2820055403,2437.60919410824,32700.4,27331.2
36931.7219323636,2112.0020045929,32701.2,27331.2
37451.5233359837,1840.00494445258,32703.6,27328
37955.1602797289,1618.74188068438,32702,27334.4
38427.2395536502,1444.84565399605,32704,27332.8
38852.8032912592,1315.71381693713,32706.4,27329.6
39219.9034654735,1230.63674449598,32703.2,27331.2
39521.7151336898,1191.56204015397,32700.8,27334.4
39757.689299389,1203.28994283622,32696,27331.2
39933.7020700597,1272.94211393907,32694.4,27334.4
40061.4039283888,1408.61999530818,32692,27332.8
40156.881475135,1617.64447341022,32689.6,27332.8
40238.5882895714,1905.62236088388,32685.6,27335.2
40324.5932385901,2277.49415143942,32686.4,27336.8
40429.4677892954,2740.32071399032,32684,27338.4
40561.3669907566,3306.41006332352,32681.6,27343.2
40720.0542752229,3995.42805805282,32684.8,27341.6
40896.528031729,4834.77536700665,32680,27344.8
41074.1091338282,5858.07386596533,32678.4,27348
41230.203340745,7101.99409993346,32675.2,27351.2
41338.4131625043,8601.87732829867,32675.2,27349.6
41371.0829457076,10386.8069739922,32672,27354.4
41301.9279535439,12474.9518140278,32674.4,27356
41108.2690831441,14869.9896503054,32673.6,27356.8
40772.8457713185,17559.2693537676,32676.8,27353.6
40285.3328147313,20513.8264321734,32676,27356.8
39643.4798748088,23689.7890094092,32676,27358.4
38853.720082082,27030.8749182117,32669.6,27359.2
37931.1966107678,30471.9959920747,32663.2,27364
36899.1219955559,33943.705512001,32659.2,27365.6
35787.2377020585,37376.7567971856,32654.4,27364.8
34629.2815841297,40706.0798469714,32652.8,27369.6
33459.8006352006,43873.9348602791,32657.6,27368.8
32310.8901559695,46832.2296263685,32665.6,27365.6
31209.447362342,49543.9867739154,32667.2,27365.6
30175.5368546264,51984.0032416393,32671.2,27365.6
29222.0256334406,54138.7934978275,32673.6,27361.6
28354.8829711438,56005.7855288663,32673.6,27362.4
27573.6714131151,57591.8439192564,32674.4,27363.2
26872.3809492382,58911.7336582665,32674.4,27363.2
26240.6770546174,59986.8666783959,32670.4,27365.6
25665.3814147081,60843.8390381358,32668.8,27367.2
25132.1044804913,61512.4753804117,32674.4,27367.2
24626.9998794593,62023.5494314476,32676,27365.6
24138.5265810429,62406.3965937283,32673.6,27366.4
23658.9900492596,62686.8895684277,32683.2,27364
23185.6070823441,62886.238821372,32687.2,27361.6
22720.9553100563,63020.6468506094,32683.2,27361.6
22272.7148138914,63101.6056997157,32682.4,27360
21852.6015555477,63136.6423760556,32685.6,27361.6
21474.5290232286,63130.5404768322,32681.6,27362.4
21152.2291741994,63087.205355274,32680.8,27364
20896.7374853008,63011.7611877655,32681.6,27364.8
20714.4098544907,62911.8970381654,32683.2,27368
20606.1474050356,62797.947477381,32682.4,27365.6
20567.7722545699,62682.0230611725,32684.8,27365.6
20590.8223695953,62576.7678274567,32685.6,27364
20663.3425134801,62494.1004678228,32685.6,27360
20770.7420104666,62444.065934386,32684,27358.4
20896.7862938469,62433.8856854575,32683.2,27361.6
21024.7461930556,62467.3768018429,32682.4,27364
21138.7417095303,62544.8803205403,32681.6,27364.8
21225.2242990408,62663.6242220739,32684,27369.6
21274.3775876395,62818.3659765117,32684,27369.6
21281.0929970858,63002.1854977784,32686.4,27368.4
21245.3386356045,63207.1298763648,32689.6,27366
21171.9841967614,63424.3391448477,32691.2,27363.6
21070.08146672,63643.854226769,32688,27362.8
20951.5155517411,63854.9466821647,32686.4,27362.8
20829.193367431,64047.3379483716,32684.8,27362.4
20715.1701229481,64212.6394086088,32680.8,27362.4
20619.0380822454,64345.1641622596,32676.8,27367.2
20546.9468420586,64441.9228552629,32676,27364.8
20501.6357035893,64502.1686713911,32672.8,27365.6
20483.1963860771,64526.9281680666,32667.2,27367.2
20489.7661921431,64518.7565384835,32659.2,27369.6
20517.760779544,64481.4114579601,32656,27367.2
20561.8410065271,64418.5230721195,32652,27369.6
20615.0612601866,64330.660553103,32647.2,27372
20669.5710980078,64211.2844659847,32648.8,27365.6
20717.7748681707,64042.555767576,32648,27363.2
20753.3526908381,63792.0020244445,32648,27362.4
20771.5510404695,63411.5932492731,32647.2,27358.4
20768.6884347922,62840.7417776309,32651.2,27348.8
20741.3342382574,62013.0578429601,32654.4,27348
20685.600232693,60865.0188581558,32660,27344.8
20596.637096001,59344.4245482964,32658.4,27343.2
20468.3194561015,57417.0997023344,32657.6,27338.4
20293.2716053752,55071.1867383741,32656,27342.4
20063.3866150412,52318.9648189059,32652,27340.8
19770.7795161443,49196.2140157801,32648.8,27340.8
19409.1905563691,45759.3745410995,32649.6,27342.4
18975.9114425564,42081.1573751086,32655.2,27343.2
18473.6029715233,38245.2651363991,32654.4,27345.6
17911.0116278954,34340.7153150435,32658.4,27347.2
17302.4686984167,30456.2732000372,32658.4,27344.8
16666.7304305084,26675.4766240468,32657.6,27341.6
16025.6298681294,23072.5907143292,32659.2,27344
15402.8900580899,19709.6967339251,32660.8,27339.2
14823.1244255641,16634.9153421823,32657.6,27339.2
14310.6424719101,13881.5473293772,32661.6,27340.8
13887.9568996332,11468.0076544617,32663.2,27338.4
13574.4735914042,9398.57564269384,32660,27340.8
13385.7628412302,7664.86225378061,32664,27340.8
13333.2351423602,6247.83620701069,32665.6,27341.6
13423.7744848121,5120.20652472711,32666.4,27342.4
13659.1176903625,4248.86374583558,32666.4,27342.4
14035.1058726761,3597.2360574056,32668.8,27336
14541.0975437391,3127.49578571017,32665.6,27337.6
15160.0129369676,2802.4696364982,32668,27333.6
15869.3616274743,2587.24577187257,32667.2,27332
16642.909631442,2450.43701996997,32668.8,27332.8
17452.3156302068,2364.94308705981,32664.8,27332
18268.530363806,2308.36749689413,32666.4,27332
19063.1434006519,2263.19935263633,32664,27334.4
19809.7794883406,2216.53718372405,32664.8,27335.2
20485.5108942056,2159.47068057235,32660,27338.4
21072.1945597627,2086.50613800254,32664,27344
21557.4945633792,1995.10629235136,32663.2,27343.2
21935.3780125886,1885.25033971835,32664.8,27341.6
22206.1799762024,1758.94866280178,32663.2,27340.8
22376.4087685766,1619.64859703992,32665.6,27339.2
22458.2045541209,1471.59996125603,32664,27336
22468.2489577609,1319.32152685538,32665.6,27336.8
22426.1116970331,1167.20586580556,32668,27338.4
22352.2667598279,1019.243662087,32667.2,27339.2
22266.1366637932,878.854829040687,32671.2,27335.2
22184.5935029015,748.820058759994,32669.6,27333.6
22121.3306592699,631.278545739005,32668.8,27330.4
22087.032214458,527.723025580783,32668.8,27330.4
22089.6353630691,439.039709033399,32669.6,27329.6
22134.2676805902,365.762596846721,32667.2,27333.6
22223.2006220118,308.589424361859,32669.6,27338.4
22356.1417410983,268.961614351709,32670.4,27338.4
22530.7417114194,249.315286260067,32664,27341.6
22743.0763856586,252.726594116326,32658.4,27344.8
22987.968211146,282.333620169021,32656,27344.8
23259.2272959526,341.363968835906,32652,27344
23550.1532188783,433.976971175205,32647.2,27347.2
23854.6018879504,566.36059863737,32651.2,27346.4
24168.509314122,747.730808055264,32650.4,27347.2
24491.3506255459,991.44225588346,32653.6,27348
24826.9360179663,1316.61490424041,32654.4,27350.4
25183.1771455399,1750.40994362408,32652.8,27353.6
25570.736420015,2329.93852523237,32651.2,27356
26000.7730520131,3101.61629357904,32657.6,27356.8
26482.4363196852,4116.84269746811,32656,27360
27020.7747156124,5425.41148826111,32656,27360.8
27615.0342042079,7068.7533284567,32658.4,27363.2
28257.1176173377,9074.15944125265,32660.8,27360.2
28930.700245636,11450.6811561905,32658.4,27362.6
29611.6614965945,14187.205614801,32656.8,27363.4
30269.7842708505,17252.7185637664,32657.6,27363.4
30871.3022861281,20598.3764236574,32656.8,27361
31381.937007381,24160.8950374655,32650.4,27367.2
31769.9866170077,27866.7869593068,32648,27368
32009.0017518581,31636.9864823716,32648,27372
32079.8535417589,35391.5028601486,32646.4,27372.8
31972.2568115644,39053.8484632647,32644.8,27374.4
31685.6952917648,42554.9022808419,32647.2,27374.4
31229.4209353039,45835.8882238657,32649.6,27373.6
30621.281245073,48850.3926133664,32652.8,27371.2
29885.5310804428,51565.4570292988,32653.6,27372
29050.0253540712,53961.7431628344,32656.8,27371.2
28143.2919174981,56032.8709390751,32659.2,27372
27192.2242012297,57784.1760246094,32657.6,27372.8
26220.8259749219,59231.0382150249,32658.4,27371.2
25249.5123245915,60396.8540244853,32657.6,27368
24294.4572987346,61310.9150659757,32657.6,27368.8
23367.234785664,62006.3687015608,32650.4,27369.6
22475.0323315785,62518.1373556901,32648.8,27368.8
21621.3456993847,62880.8004833009,32646.4,27370.4
20807.0089468713,63126.6624473546,32648.8,27373.6
20031.4736204336,63284.2662131353,32647.2,27372.8
19294.1978763315,63377.6291965202,32653.6,27369.6
18595.8401578281,63426.320562405,32655.2,27371.2
17939.0072485158,63446.1211598989,32652,27369.6
17328.6304331327,63449.7516108437,32648,27369.6
16772.0473166961,63447.4138421743,32648.8,27372
16278.5647130406,63447.2504303449,32645.6,27375.2
15858.2872844687,63455.7003682187,32644,27374.4
15520.3344361915,63477.6117460829,32650.4,27372.8
15270.8247369167,63516.1898422921,32656.8,27374.4
15111.2079430182,63572.9763520162,32653.6,27376
15037.7025784458,63647.9554335174,32653.6,27376
15042.0858812506,63739.7785585873,32657.6,27372.8
15113.0717169711,63846.0877006582,32652,27374.4
15237.4235623522,63963.8696632104,32645.6,27375.2
15400.6792207585,64089.6802091309,32649.6,27374.4
15587.7450832166,64219.5641904476,32651.2,27372
15783.6617525095,64348.7769639451,32653.6,27372
15974.7517342976,64471.9034316042,32657.6,27370.4
16150.0364539566,64583.6947287589,32663.2,27368
16302.510038721,64680.0581935413,32662.4,27364.8
16429.8515198939,64758.5923041223,32661.6,27365.6
16534.4720470129,64818.617157436,32660,27368
16623.104242765,64860.8833902569,32659.4,27372.8
16706.054409737,64887.1926569032,32659.4,27372.8
16795.9759359773,64900.1113040511,32657,27376
16906.084686832,64902.7521065469,32656.2,27376.8
17048.0658946216,64898.5133527877,32656.2,27379.2
17230.0952316101,64890.7282019949,32657.6,27372.8
17455.4432138967,64882.27241985,32655.2,27375.2
17722.1877736993,64875.2144664824,32660,27373.6
18024.0930658704,64870.483994515,32664,27372.8
18351.8217605312,64867.6602171883,32667.2,27368
18693.6145637401,64865.2535753593,32666.4,27371.2
19035.4784827066,64861.3994376053,32668,27372
19361.519325404,64854.1589618737,32671.2,27372
19654.9246526669,64841.1504129401,32672,27371.2
19899.6436329585,64819.388096885,32670.4,27370.4
20082.3503953557,64785.7109286876,32671.2,27372
20194.0638935616,64736.9749172684,32673.6,27368
20230.9874458983,64669.6620383441,32668.8,27368.8
20194.606643765,64579.30393193,32667.2,27366.4
20091.3199663857,64459.8910580405,32661.6,27371.2
19931.6344229995,64303.5000454299,32660,27369.6
19728.7938491111,64100.4128218754,32652.8,27372.8
19496.9495066656,63839.7340400227,32653.6,27372
19249.2064592059,63510.714157721,32652,27370.4
18995.8629876697,63104.519186802,32651.2,27368
18743.2533419365,62615.2966009683,32647.2,27367.2
18493.6694658622,62039.9681776852,32652,27365.6
18246.2123926346,61377.2549214728,32650.4,27364
17997.7744924314,60626.9717048044,32652.8,27366.4
17743.8048507734,59790.3677300065,32655.2,27366.4
17479.2117414582,58870.9150535037,32662.4,27366.4
17199.5964802657,57874.2964287833,32662.4,27362.4
16902.5259555683,56807.3119290345,32663.2,27360
16588.4717989816,55676.317323496,32660,27357.6
16261.3018150533,54485.7412052714,32662.4,27355.2
15928.4275220583,53236.8061791814,32660,27355.2
15600.7080495993,51926.4858070208,32655.2,27355.2
15292.1739001798,50546.9606467319,32656.8,27352.8
15019.724587439,49085.9522723384,32656,27352
14802.9127723059,47528.2075052885,32656,27351.2
14663.445597944,45858.0552304251,32652,27348.8
14623.5175356804,44062.7070254424,32658.4,27345.6
14702.574130712,42136.4465265012,32663.2,27346.4
14913.4149801666,40085.6935760428,32669.6,27342.4
15259.242094154,37932.9926742587,32668,27340.8
15732.8208844654,35717.2223759293,32675.2,27339.2
16317.6004699041,33489.5557548561,32673.6,27341.6
16989.535402372,31306.9671606738,32670.4,27344.8
17718.8493779156,29225.5154829817,32668.8,27350.4
18472.0788566032,27294.9396885956,32666.4,27353.6
19214.8292272402,25555.2060071448,32664.8,27355.2
19915.0874812635,24035.1815741346,32664.8,27354.4
20546.4031213626,22752.7509194353,32660,27350.4
21090.1447952439,21714.7176802286,32656,27346.4
21536.4312381249,20915.879947831,32659.2,27343.2
21883.8542291643,20338.6482957056,32652,27343.2
22138.4262685197,19954.3296435695,32650.4,27343.2
22312.1711118783,19725.4032693942,32652,27343.2
22421.4550781689,19607.7862977092,32652.8,27344
22484.8874508598,19553.1257849763,32650.4,27344
22520.7309047982,19511.5295963051,32656,27345.6
22544.0122234856,19434.7950556844,32654.4,27343.2
22563.7750635442,19279.9215893283,32652,27344
22581.38189695,19012.4519040398,32651.2,27343.2
22590.7503265527,18608.849177477,32651.2,27344.8
22580.2975411399,18057.2188744762,32651.2,27337.6
22535.5141915853,17356.5473964574,32651.2,27338.4
22441.5520371578,16515.2322836458,32652.8,27336.8
22285.8497318942,15549.3892278722,32652.8,27339.2
22060.7392120476,14481.0394969545,32652.8,27336
21765.6803127059,13336.2575549635,32644.8,27338.4
21408.5649936216,12143.4053842676,32650.4,27336
21005.5501356004,10931.5121246821,32652.8,27336
20579.4925279455,9728.79492544011,32649.6,27334
20157.8285408721,8561.30437684852,32655.2,27333.2
19770.7333850692,7451.75221093471,32660,27331.6
19449.6645904985,6418.68767588338,32650.4,27336.4
19225.826287561,5476.05233808196,32641.6,27334.8
19128.1568191171,4633.00810112829,32633.6,27334.4
19180.8665645677,3894.02573416942,32614.4,27338.4
19400.8665566331,3259.25506652643,32603.2,27345.6
19795.5870432026,2725.14415790145,32593.6,27343.2
20361.8560227467,2285.20262491361,32586.4,27344.8
21086.2001311587,1930.79814519118,32585.6,27344
21946.0945403694,1651.93792528358,32591.2,27345.6
22911.5652994255,1437.92768008061,32589.6,27338.4
23947.2048450618,1277.8412302956,32593.6,27340
25014.7594369632,1160.945547939,32596,27344.8
26075.9888653333,1077.15237950855,32599.2,27345.6
27095.3926670697,1017.3286792092,32601.6,27340.8
28042.4959381017,973.432275443756,32604.8,27341.2
28893.3442523127,938.652125261646,32604.8,27339.6
29631.0530474544,907.544055632379,32604,27338
30245.7167992806,876.010042957916,32603.2,27338
30734.1448680881,841.165843559673,32600,27336.4
31099.5519192022,801.217006156477,32598.4,27337.6
31350.9120648946,755.340805401505,32596.8,27337.6
31501.6904594883,703.548542595138,32600.8,27335.2
31568.0028077904,646.540561846174,32602.4,27334.4
31566.49410553,585.585717154283,32606.4,27335.2
31512.3951469933,522.464582760049,32607.2,27336.8
31418.3521417389,459.434724351052,32611.2,27335.2
31294.2210838134,399.117555716285,32608.8,27336
31147.3027272346,344.290208699906,32606.4,27339.2
30982.5816077995,297.646908094727,32603.2,27342.4
30803.1327494306,261.639591292145,32607.2,27344
30610.8501357658,238.429791793204,32611.2,27345.6
30407.316276539,229.849254696658,32615.2,27344.8
30194.6293810499,237.336626180263,32621.6,27340.8
29976.1872164289,261.910165211502,32626.4,27338.4
29757.4938393289,304.330377229137,32628.8,27335.2
29546.9296171838,365.601553973833,32626.4,27335.2
29356.2579479671,447.812446040922,32627.2,27332.8
29200.586485125,555.472491035195,32624,27337.6
29097.5793675053,697.569558311827,32620,27340.8
29065.9517930845,890.151237369057,32616,27346.4
29123.5241822493,1158.75051512166,32615.2,27348
29285.1335097896,1539.68827089638,32613.6,27353.6
29560.5483762373,2079.35282972806,32613.6,27357.6
29952.6157036356,2831.06435179532,32616,27360.8
30456.1935631716,3849.85077745583,32620.8,27360
31058.0862440305,5186.10938398073,32617.6,27366.4
31737.4389139845,6879.35310999051,32620,27368.8
32466.4064466761,8953.00786684312,32620.8,27368
33211.5878058564,11410.9778116597,32620.8,27369.6
33936.2319361161,14236.3886245501,32617.6,27371.2
34602.7054752334,17392.3969219563,32627.2,27370.4
35175.0356273269,20824.6533683742,32628.8,27368.8
35621.5676640145,24464.9943290139,32629.6,27368
35917.470220418,28235.9628151491,32631.2,27364.8
36046.5961869009,32055.7295535079,32632,27368
36002.4683426043,35842.9000218031,32626.4,27368.8
35788.4874762421,39520.7426959001,32628.8,27368.8
35417.3949018313,43020.5498933394,32630.4,27366.4
34909.8375442903,46284.0651660217,32632,27368.8
34292.025349004,49265.113630573,32634.4,27368
33592.8146735208,51930.6028271192,32639.2,27365.6
32840.6706318385,54261.0359222637,32636,27368.8
32060.9360621947,56250.5312398731,32634.4,27375.2
31274.0012217842,57906.0747253238,32630.4,27374.4
30494.7397908365,59245.8948199101,32630.4,27374.4
29732.8000750123,60297.2610035242,32625.6,27376.8
28993.2594744957,61094.0338543566,32623.2,27376.8
28277.591317535,61674.0840315987,32623.2,27372.8
27584.7728278403,62076.5104901798,32625.6,27378.4
26912.2580215584,62338.7202452769,32625.6,27377.6
26256.8529679477,62493.9075592224,32624,27376.8
25615.6270728683,62569.5077469847,32628,27373.6
24986.7652855028,62586.8268968051,32631.2,27372.8
24370.0879252457,62561.8291060387,32629.6,27369.6
23767.1481325933,62506.6656629007,32630.4,27366.4
23181.1629695626,62431.0592660816,32631.2,27367.2
22616.9585858691,62342.8895972446,32629.6,27368.8
22080.7306681136,62248.1413706481,32629.6,27368
21579.3458452684,62150.8500830968,32632,27366.4
21119.1960312294,62053.3824401118,32625.6,27370.4
20704.8471544666,61956.8812800018,32628.8,27368.8
20337.7654796271,61861.6184837589,32627.2,27366.8
20015.5906041613,61767.2200609612,32624.8,27367.6
19732.4596760388,61672.8702956603,32624,27366
19480.2273955639,61577.5856058539,32629.6,27362
19249.8909902043,61480.6862480136,32628.8,27363.6
19032.7884124976,61382.5076413151,32632,27367.2
18821.5853551239,61284.8947875302,32628,27368.8
18611.3569064101,61190.9348891892,32626.4,27369.6
18400.9891326169,61104.0183162919,32625.6,27372.8
18194.5627284194,61026.8103099601,32629.6,27371.2
18002.024678344,60960.9219725794,32627.2,27371.2
17838.6971255388,60907.6006403158,32629.6,27376
17723.7132780168,60868.683792998,32629.6,27375.2
17677.9099429616,60847.0432058739,32630.4,27376.8
17721.6610983848,60846.6283700963,32628,27378.4
17872.7592193035,60872.2698943384,32627.2,27376.8
18144.3462127927,60929.0334098935,32629.6,27375.2
18543.1296118313,61021.2434769516,32631.2,27378.4
19068.1794417581,61151.6129972864,32631.2,27373.6
19710.3729832604,61320.6510103767,32628.8,27372
20452.6438877271,61526.2511535213,32627.2,27375.2
21271.4496320545,61763.2464716748,32622.4,27372.8
22139.2620067695,62022.7371897182,32617.6,27370.4
23027.0364669075,62291.452222222,32613.6,27372.8
23905.9235385438,62551.6155736674,32613.6,27374.4
24748.3175464717,62780.9146384041,32618.4,27371.2
25528.651226857,62951.6109946361,32620.8,27370.4
26224.278660108,63028.8310105257,32627.2,27367.2
26816.5871383882,62969.1523507653,32628,27364.8
27292.1883942514,62720.6973073383,32631.2,27361.6
27643.8384975359,62225.6953253634,32628.8,27360
27870.8521956833,61425.7208296615,32632.8,27356
27979.0905567693,60268.4733893771,32631.2,27354.4
27980.6261812962,58714.3889781917,32632.8,27352.8
27892.902211428,56741.8472012234,32631.2,27352
27737.1403758058,54350.3740086445,32631.2,27348.8
27536.0920052484,51561.6846087971,32630.4,27349.6
27311.5948517965,48418.5919170026,32632,27348
27082.4587421394,44981.9403372047,32630.4,27350.4
26863.0334775949,41326.1100144614,32632,27348
26662.8046688185,37533.9082642411,32632.8,27348
26487.1786971685,33691.4788314173,32630.4,27346.4
26338.7910866468,29883.5123926877,32626.4,27348.8
26218.3679222166,26188.9644920858,32624.8,27347.2
26125.0403051295,22677.543440897,32624.8,27345.6
26056.648892667,19407.0975508652,32626.4,27344
26010.3968403616,16421.941518824,32630.4,27340.8
25983.9135381453,13752.1558019643,32632.8,27340
25976.4538697142,11413.7772964186,32634.4,27337.6
25989.6187458146,9409.74635625248,32630.4,27339.2
26027.2256696073,7731.46231416687,32628,27340.8
26094.6516415563,6360.69912509016,32624,27342.4
26198.2038605608,5271.57440599746,32621.6,27340.8
26344.6740129036,4432.44511266045,32621.6,27342.4
26540.8503373176,3807.90392322914,32622.4,27340.8
26792.7529831047,3361.03037711353,32621.6,27341.6
27104.5758821569,3055.66222380985,32623.2,27344.8
27477.4833951218,2858.18407374688,32624,27346.4
27908.5461783717,2738.57015191408,32622.4,27343.2
28390.3130125876,2670.88504750132,32623.2,27344.8
28911.252865706,2633.59091562312,32623.2,27343.2
29456.6181694912,2609.78334796068,32620,27344
30009.3301246624,2587.25303794478,32624,27343.2
30551.0542809839,2558.19811438556,32630.4,27344
31063.5891297452,2518.41614447562,32632.8,27340
31530.3406132256,2466.12138858525,32631.2,27343.2
31937.6424205039,2400.90818881994,32633.6,27336
32275.7465505237,2323.16150211828,32630.4,27334.4
32539.3285956703,2233.8521787939,32628,27333.6
32727.5622283164,2134.66577769263,32624.8,27338.4
32844.0295118145,2028.31856174158,32628.8,27332.8
32896.6213301101,1918.59836763673,32631.2,27338.4
32897.2361914152,1809.75564980592,32635.2,27337.6
32860.8906010877,1705.51362877182,32633.6,27339.2
32804.1212098477,1608.4004428273,32633.6,27338.4
32743.0505377427,1519.73249557699,32631.2,27344.8
32691.5920177703,1439.95659930294,32628,27345.6
32660.0498622666,1369.00402960274,32624.8,27350.4
32654.4355398702,1306.58618683838,32626.4,27352
32676.7456482085,1252.44328948124,32632,27348.8
32725.745931939,1206.51977404533,32633.6,27344
32797.6043203795,1168.93327725908,32632.2,27343.2
32886.3702104522,1139.64707269525,32635.4,27338.4
32984.5921328818,1118.065175771,32635.4,27336.8
33084.0951878375,1102.81376847896,32631.4,27336.8
33176.8249907159,1091.78392744152,32629.8,27337.2
33255.7201237761,1082.423211546,32632,27334.8
33315.5156401639,1072.17900540881,32628,27337.2
33353.355552205,1058.95454837206,32629.6,27335.6
33369.2396453069,1041.49938634948,32629.6,27339.6
33366.4351559588,1019.69325444724,32628,27340.8
33351.8156298067,994.616196907818,32628,27340.8
33335.7850940053,968.438361912012,32630.8,27340
33331.3854113411,944.743118002007,32633.2,27340
33352.462480845,930.16473522312,32633.2,27339.2
33411.0930274644,937.356883389255,32635.6,27341.6
33514.7190710643,988.14070833134,32638.8,27346.4
33663.7715949058,1115.61664941764,32636.8,27351.2
33850.6109387963,1364.62405291176,32633.6,27358.4
34059.8389611322,1790.03707138272,32636.8,27356.8
34269.431414428,2452.47221251341,32635.2,27360
34452.5737050677,3411.9245565251,32629.6,27363.2
34580.2951114185,4720.81123023776,32628.8,27365.6
34624.4283356056,6417.84466173271,32628,27363.2
34560.285079232,8523.47596267088,32623.2,27370.4
34368.8463311274,11037.1491993115,32624,27369.6
34038.434444725,13936.4501444812,32626.4,27366.4
33565.7446775118,17178.1505157529,32628.8,27365.6
32956.0981567245,20701.1497878039,32628,27368.8
32222.9507833969,24430.9331424011,32630.4,27369.6
31386.8621483775,28284.5413149941,32634.4,27368.8
30474.0627127478,32175.4228135725,32634.4,27371.2
29514.6023385233,36018.2384972067,32630.4,27371.2
28540.0726285609,39733.526410445,32628.8,27371.2
27581.0253454593,43251.6914550579,32628,27369.6
26664.3062622098,46515.8151043922,32623.2,27373.6
25810.7092463836,49483.2127854308,32624,27373.6
25033.6538936798,52125.9179514819,32624.8,27375.2
24339.2580383979,54430.2724049407,32628.8,27374.4
23727.2374228236,56395.8598553524,32628,27373.6
23191.9675370876,58033.9765222641,32632,27372
22723.6727930038,59365.6633669812,32632,27372
22309.7853215848,60419.1544852224,32633.6,27372.8
21936.3349801614,61226.6785319242,32629.6,27372.8
21589.3026590472,61821.2040848237,32630.4,27372
21255.9499598013,62234.0896243926,32627.2,27372
20926.0915558395,62493.9693645734,32622.4,27371.2
20593.0717927132,62626.4800082555,32622.4,27368
20254.2057111967,62654.3954160446,32627.2,27365
19910.8067876915,62598.1288973866,32628.8,27365.8
19568.0044067983,62476.5418886288,32624,27364.2
19234.2088624296,62307.6375673234,32624.8,27364.2
18919.9265489853,62108.9388844551,32624.8,27369.8
18635.9164130115,61897.6850000859,32627.2,27372
18391.087220635,61690.8416217313,32627.2,27375.2
18190.6726199744,61504.7844366351,32633.6,27376.8
18035.221240751,61354.5945119414,32636,27378.4
17920.8710054741,61253.0727425502,32634.4,27376.8
17840.7427103685,61209.7448114028,32632,27376.8
17786.5924839218,61230.20977099,32628.8,27372.8
17750.0863624418,61315.9570451425,32625.6,27371.2
17723.6148226533,61464.4202214854,32627.2,27371.2
17700.7531504455,61669.0363610827,32630.4,27367.2
17676.5303188208,61919.3147749459,32629.6,27368.8
17647.6343623848,62201.009133588,32632.8,27370.4
17612.5937939509,62496.5385255526,32635.2,27372
17571.9295371749,62786.1307602996,32634.4,27372.8
17528.2049736585,63049.8383118513,32633.6,27370.4
17485.9460578361,63269.5300078395,32634.4,27368.8
17451.4891763564,63430.0909643209,32635.2,27364.8
17432.7063876398,63519.9991409913,32635.2,27364
17438.4164007369,63531.6615757836,32637.6,27361.6
17477.345908705,63461.7551638664,32636,27366.4
17556.7575312175,63311.6219612744,32635.2,27366.4
17681.0414054587,63087.3739896534,32636,27368.8
17850.5320287285,62799.3265268441,32636.8,27364.8
18060.9850701449,62460.7294267336,32636,27363.2
18304.2209002433,62085.9761861729,32638.4,27361.6
18569.6753738451,61688.6844696893,32633.6,27360.8
18846.0181761784,61279.9455855344,32628.8,27364
19122.4220894037,60866.3857123116,32628.8,27368.8
19389.4991337956,60447.3799195381,32624.8,27369.6
19639.891174365,60011.4961100557,32624,27366.6
19868.3592688783,59533.5869299945,32634.4,27361
20071.2340504208,58974.3363822961,32637.6,27356.2
20245.4428143955,58282.9413003271,32637.6,27351.4
20387.687988986,57402.3955647393,32639.2,27347.4
20494.3243107088,56276.3066605251,32639.2,27347.4
20562.1032817231,54855.9296733896,32635.2,27350.6
20589.4414069873,53106.1865149886,32636,27349.8
20577.5901047932,51009.9026721997,32637.6,27347
20531.2388932078,48569.9258340301,32640.8,27347
20458.4475087802,45809.0995002366,32641.6,27347.6
20370.0541931361,42768.4234320068,32637.6,27345.2
20278.6863761351,39503.9379259774,32635.2,27346
20197.4914364948,36082.7795895293,32630.4,27347.2
20138.9833609258,32578.7819252544,32630.4,27344
20114.3537754032,29067.9707323896,32630.4,27338.4
20132.9838298064,25624.2782487458,32632,27339.2
20201.8294882476,22315.9758842051,32632,27337.6
20324.9544466565,19203.1099659272,32637.6,27336
20503.5579296294,16335.4809665719,32639.2,27337.6
20736.4783046888,13750.7016967105,32639.2,27337.6
21020.9865572568,11472.6881781082,32643.2,27336.8
21353.5315687904,9511.27682666947,32640.8,27335.2
21730.1119119664,7863.10974421401,32636.8,27338.4
22146.3680750501,6513.3601048421,32636,27340
22597.7878454781,5437.95531281334,32633.6,27344.8
23080.1942538083,4606.15850308181,32630.4,27345.6
23590.2572813235,3983.18300647047,32631.2,27348.8
24125.6292698958,3532.48676581588,32631.2,27347.2
24684.5523294275,3217.72875111945,32627.2,27348.8
25265.0684018013,3004.43805369646,32628.8,27347.2
25863.9860005929,2861.32569291263,32626.4,27347.2
26475.8424005282,2761.26413118604,32628,27344.8
27092.438301374,2681.96786399177,32628.8,27344.8
27703.2740219951,2606.27495635314,32628,27343.2
28296.3501998495,2522.01428134382,32628,27344
28858.7618834283,2421.60439259243,32630.4,27342.4
29377.2505429688,2301.49291464375,32633.6,27342.4
29839.0519773668,2161.4695076945,32634.4,27340.8
30233.0417370343,2003.8834305559,32636.8,27339.2
30550.9601750251,1832.82655490087,32637.6,27338.4
30788.3949313885,1653.3926944906,32636.8,27338.4
30945.2399830515,1471.11790377695,32636.8,27337.6
31025.6448163062,1291.60025062044,32638.4,27340
31037.7292814962,1120.1802386791,32638.4,27341.6
30993.2642741324,961.587873987579,32637.6,27340
30907.2217416771,819.553089720286,32640,27337.6
30796.918742466,696.504403895642,32636.8,27337.6
30680.6247374015,593.603454988311,32634.4,27336
30575.8165526485,511.044921123925,32632.8,27335.2
30497.3905805965,448.229240294675,32633.6,27335.2
30456.1063599099,403.777977113797,32630.4,27334.4
30457.703529415,375.736261939208,32630.4,27334.4
30503.0950090346,362.03259511033,32634.4,27331.2
30589.3193784942,360.796911007116,32636,27329.6
30710.550969424,370.269533444416,32632.8,27328
30859.0409736089,388.526780696513,32635.2,27330.4
31026.2596505114,413.306558715694,32633.6,27331.2
31204.187513866,442.017976410828,32632,27332.8
31386.4526902423,471.955035753672,32632.8,27334.4
31569.1379231792,500.736960527442,32636,27337.6
31751.2432101566,527.0396009413,32636,27338.4
31934.8256079629,551.83290541611,32638.4,27339.2
32124.7442292792,580.319823372567,32637.6,27340
32327.8950661857,624.367115997944,32636.8,27344.8
32551.9668600853,704.917463053075,32636,27344.8
32803.8571758237,853.73275125587,32636,27348
33087.8783684298,1113.69014354224,32633.6,27351.2
33403.9923421836,1537.13691474509,32631.2,27356
33746.4445173567,2182.25517151486,32631.2,27355.2
34103.0172457241,3107.71664180605,32632,27356.8
34455.0238303799,4366.42965089477,32628.8,27364
34778.4506553094,5999.48553745153,32628,27366.4
35046.3472400453,8031.12303531613,32629.6,27368.8
35231.5571195033,10465.240333679,32629.6,27371.2
35308.9465485671,13283.9938772115,32628,27375.2
35257.1848428266,16448.7701095668,32628.8,27370.4
35060.2594218791,19902.9911665448,32632.8,27366.6
34708.6633889634,23575.8079106515,32632,27365
34200.2326634587,27386.3456952284,32632.8,27363.4
33540.6081454642,31248.5550721252,32631.2,27362.6
32743.1671108624,35076.4008132449,32628.8,27369
31828.2598504071,38788.8818878964,32630.4,27372
30821.8398588674,42314.2997871841,32633.6,27372
29753.844874561,45593.2304285218,32634.4,27372.8
28656.5834404841,48580.0019912824,32635.2,27374.4
27563.0372531855,51243.0172084933,32640,27372
26504.8922942362,53564.5418116146,32635.6,27372.8
25510.346138399,55540.2447036755,32634.8,27372.8
24601.9560473517,57178.3005560595,32633.2,27372.8
23794.8344470875,58497.9238521486,32633.2,27374.4
23095.6240893169,59527.4173016935,32631.6,27372.8
22502.7686078935,60301.7257948513,32636,27370.4
22008.0010837747,60859.645508538,32631.2,27371.2
21598.2600453057,61241.3813550563,32627.2,27372
21257.4534967821,61486.8463896168,32626.4,27373.6
20967.9865135697,61634.0918108041,32624.8,27372.8
20712.0688568052,61717.2966031846,32620.8,27373.6
20472.8773483583,61764.7957086465,32627.2,27373.6
20235.6696169702,61798.0874927147,32631.2,27372.8
19988.8693826346,61832.0502650861,32634.4,27364.8
19725.0243980569,61875.8208115451,32636.8,27367.2
19441.3917201229,61933.8414327954,32637.6,27368.8
19140.0318282064,62006.9994802161,32633.6,27369.6
18827.5486388218,62093.8153465696,32633.6,27370.4
18514.5402398122,62191.3656221813,32628.8,27377.6
18214.6136271246,62295.8225246674,32625.6,27376
17942.8193006494,62402.925050029,32625.6,27376.8
17713.5976697071,62508.6590115919,32629.6,27377.6
17538.5563785564,62609.9645995089,32631.2,27377.6
17424.4640241134,62705.0598135726,32632,27373.6
17372.0951195747,62793.4890665501,32634.4,27373.6
17376.5940948128,62876.1473877373,32631.2,27373.6
17429.0603183022,62955.0114755685,32628,27371.2
17518.2721500512,63032.5902011639,32630.4,27372.8
17631.959126424,63111.4654517497,32632.8,27372.8
17757.7444048308,63193.7687631023,32629.6,27373.6
17884.0431556626,63280.2718435877,32633.6,27372
18001.0406347845,63369.4482765185,32637.6,27373.6
18101.6254815996,63457.2056746132,32630.4,27375.2
18182.0570446091,63537.3917137888,32629.6,27375.2
18242.1951134539,63602.5810190351,32632.8,27371.2
18285.2556128522,63644.7535473589,32632.8,27368.4
18317.2846553993,63655.7217700537,32631.2,27366
18346.5680104341,63627.2414247252,32629.6,27362.8
18382.9078212519,63550.9617995545,32629.6,27362
18436.5384666319,63418.498245335,32631.2,27362.8
18516.6699707892,63221.6776099924,32632,27364
18629.9726741442,62952.7323499683,32628,27364.8
18779.3430445765,62604.1185158492,32632.8,27362.4
18963.1201515122,62167.7289598736,32633.6,27361.6
19175.0952104656,61633.4602015807,32633.6,27361.6
19405.6262244956,60987.29740013,32633.6,27359.2
19643.2433124315,60209.5436052355,32634.4,27356.8
19875.698689606,59274.3291333226,32632.8,27355.2
20090.3196359235,58151.2490709274,32636.8,27352.8
20274.3273786674,56808.8659595387,32636,27348.8
20415.69737768,55219.0343498782,32636,27349.6
20504.6053360984,53361.1553787281,32638.4,27346.4
20534.9874085036,51225.8828054553,32642.4,27344
20505.6293472513,48817.889658755,32636.8,27341.6
20420.5314712437,46157.1612127966,32636.8,27341.6
20288.7518540632,43278.3180770242,32636.8,27340
20124.0922727221,40228.062836362,32636,27343.2
19944.6883796235,37061.5318004693,32634.4,27342.4
19772.2326296234,33838.3699138942,32634.4,27348
19630.6121783831,30618.9852759115,32633.6,27345.6
19543.9881877924,27461.2664469776,32631.2,27342.4
19534.4978579184,24417.9236588883,32631.2,27337.6
19619.870619182,21534.410338313,32625.6,27340
19811.4768078584,18847.4239282983,32628.8,27334.4
20113.4492785217,16384.120835216,32630.4,27335.2
20523.0036477837,14161.9973305818,32632.8,27336
21031.2938700822,12189.2598242178,32631.2,27341.6
21624.2149428992,10465.7285437947,32637.6,27336
22283.3205889138,8984.21212202087,32635.2,27336.4
22987.1946007618,7731.82074094628,32635.2,27338
23713.2367883119,6690.91484793132,32635.2,27339.6
24439.624954351,5840.01154497678,32638.4,27337.2
25147.0906741833,5154.87104130867,32635.2,27343.6
25820.1373248272,4609.68900322986,32635.2,27344
26447.666607958,4178.42422915164,32632,27344.8
27023.2441622781,3836.16926430992,32628,27342.4
27545.1279072727,3560.21722056174,32624,27340.8
28015.9673655555,3330.71711856741,32623.2,27339.2
28442.0117255497,3131.08000264062,32620.8,27340.8
28831.7948070346,2948.18016843534,32622.4,27337.6
29194.4864911144,2772.32031284716,32625.6,27339.2
29538.1612804268,2597.00432815686,32628.8,27337.6
29868.2047736407,2418.5343146324,32632.8,27339.2
30186.320326183,2235.49823934078,32636,27340
30490.5280349964,2048.33604416859,32634.4,27344
30775.7551044896,1858.95899097536,32631.2,27344
31034.4237796033,1670.24701087903,32628,27345.6
31257.1476765417,1485.50521972909,32624.8,27343.2
31433.8467368207,1308.01491648919,32622.4,27341.6
31555.1330769236,1140.68893939781,32622.4,27337.6
31613.6014763437,985.887590598467,32623.2,27335.2
31604.8092966078,845.367777753253,32623.2,27335.2
31527.8888216938,720.242244543062,32624.8,27333.6
31385.8626182299,610.961487349633,32624.8,27333.6
31185.8462227626,517.36034411198,32624,27337.6
30939.253357331,438.731322923814,32621.6,27340
30661.8658866399,373.93395858268,32621.6,27342.4
30373.4021072159,321.63082981952,32621.6,27341.6
30096.2650231998,280.736703058352,32624,27340.8
29853.5346324507,251.024113937765,32621.6,27340
29666.640375858,233.675689021926,32625.6,27338.4
29553.137345533,231.564301236693,32627.2,27332.8
29524.9390850691,249.171531883931,32626.4,27335.2
29587.5687909347,292.2957884439,32625.6,27335.2
29740.6050931427,367.778789167877,32628.8,27333.6
29978.5699673932,483.27090215694,32628.8,27336.8
30291.6522697357,646.889802958217,32628,27343.2
30666.4707254767,866.720565951386,32630.4,27344
31087.0757044261,1150.32090114873,32628,27347.2
31536.0255939317,1504.44787169958,32625.6,27351.2
31995.3605957204,1935.11633409223,32627.2,27351.2
32447.4098991178,2448.00475381827,32627.2,27349.6
32875.4791259476,3049.23507833756,32624.8,27351.2
33264.5843298219,3746.58411482565,32628.8,27348.8
33602.3659690628,4550.86069369,32632.8,27348
33880.0864194492,5476.63360873676,32629.6,27353.6
34093.3627930738,6541.38548643663,32628,27355.6
34242.2136575801,7762.86925388511,32628.8,27355.6
34330.2672589061,9155.49311097698,32628.8,27357.2
34363.466355858,10726.8841141322,32631.2,27356.4
34348.6962302005,12475.217956332,32630.4,27354
34292.3693637871,14387.3701924207,32633.6,27353.6
34199.1345288227,16438.0837882227,32629.6,27353.6
34071.3987809404,18590.5947685832,32627.2,27359.2
33909.8428272387,20798.7158855704,32624,27360.8
33714.2754108006,23009.8477808143,32624.8,27361.6
33484.4715081606,25168.3148036705,32626.4,27360.8
33221.0802031809,27218.5949934735,32627.2,27361.6
32926.3747566824,29108.37487732,32627.2,27356.8
32604.5177648769,30791.5509188211,32628.8,27356
32261.4485814587,32231.1559549915,32628.8,27354.4
31904.7173174325,33401.8650342988,32628,27354.4
31543.3593649236,34291.4239286638,32628.8,27353.6
31187.6295531716,34900.5437185946,32628.8,27354.4
30848.4843473536,35241.3487867074,32626.4,27352.8
30536.9696154748,35334.8563842688,32624,27354.4
30263.6636058104,35208.1886354819,32622.4,27352.8
30038.0707528601,34892.0658162234,32625.6,27353.6
29867.8100981119,34418.6643808709,32625.6,27350.4
29757.6830950395,33819.7011855265,32627.2,27350.4
29708.8989296198,33124.6921925739,32631.2,27349.6
29718.7460707817,32359.5031289406,32632,27352
29781.0528061994,31545.5033503091,32633.6,27351.2
29887.5727844665,30699.5695977682,32637.2,27349.6
30029.769336632,29834.812183397,32637.2,27349.6
30200.298727396,28961.7267005563,32637.2,27345.6
30393.977179157,28089.5101324205,32636.4,27344
30608.2419969749,27227.2251500467,32634,27344
30843.0975258572,26384.55638496,32628,27348.8
31100.6784373094,25572.196787227,32626.4,27349.6
31384.6209424222,24802.238683227,32625.6,27350.4
31699.2562776491,24089.01906286,32628,27352
32048.5327962878,23450.482972125,32624.8,27352
32434.7213843355,22909.5707387133,32628.8,27353.6
32857.1812464489,22494.8899497521,32628.8,27359.2
33311.4833154711,22240.0866257835,32632.8,27360.8
33788.9682194909,22181.7205496009,32632.8,27360.8
34276.6244180843,22356.0522871242,32636,27364
34757.204192161,22795.6191546144,32639.2,27364
35209.5870482874,23526.2168301616,32641.6,27361.6
35609.3937283324,24564.2932159422,32640,27363.2
35929.9874389967,25914.7061495836,32638.4,27364.8
36144.2430047229,27569.2208774011,32641.6,27364
36227.011184772,29506.2584730529,32640,27363.2
36157.4037730197,31691.9182720674,32637.6,27366.4
35920.3374833535,34081.8511789882,32634.4,27368.4
35507.5601288573,36623.6744847842,32632,27370
34918.3109657699,39259.7594311347,32628,27371.8
34159.4840365381,41930.1818267977,32623.2,27374.2
33245.3052847466,44575.7441189204,32625.6,27373.4
32196.6804810609,47141.046588798,32628.8,27375.4
31040.2504632914,49577.2842435803,32627.2,27377
29807.0461701582,51844.2793266274,32629.6,27373.6
28530.7844510669,53911.6503164207,32631.2,27372.8
27246.094879477,55759.2887092961,32629.6,27372
25986.9069677173,57377.1928330248,32629.6,27370.4
24784.9580110299,58764.7320482512,32632.8,27369
23668.2705136087,59929.4571502178,32633.6,27373.8
22659.5559883547,60885.5699121852,32636.8,27373
21774.651952646,61652.335308543,32636.8,27372.2
21021.2170006693,62252.6097264622,32635.2,27373.8
20398.1477676848,62711.3227358713,32632,27375.2
19896.2603902428,63053.8690459223,32628.8,27377.6
19500.0906940212,63304.7016999138,32627.2,27376.8
19189.9816668679,63486.3174638473,32625.6,27376
18943.9665276883,63618.5633204721,32620.8,27374.4
18739.4478271221,63718.1304120034,32625.6,27369.6
18554.6556561479,63798.0467628208,32628,27368
18369.9112546295,63867.1838996357,32627.2,27367.2
18168.8191225466,63930.1826610367,32630.4,27365.6
17939.3811853628,63988.0972245408,32636,27365.6
17674.8281336584,64039.6131178218,32632,27367.2
17373.9451998463,64082.4449649803,32629.6,27364
17040.9250160266,64114.5256786107,32632,27368.8
16684.94341577,64134.7490885814,32629.6,27369.6
16319.4444856698,64143.2656679315,32628.8,27368.8
15960.9239807233,64141.5409111556,32629.6,27372
15627.1453614135,64132.3206425391,32631.2,27371.2
15335.012676518,64119.4096106708,32627.2,27367.2
15098.4053495909,64107.2094096745,32629.6,27368.8
14926.2316306452,64100.1694607976,32628,27372.8
14821.2637235784,64102.2103081965,32631.2,27371.2
14780.4302880184,64116.0495423296,32630.4,27373.6
14796.3143968048,64142.6603296329,32629.6,27376
14858.827390494,64181.2969242964,32626.4,27375.2
14956.4744011015,64230.0299499797,32625.6,27374.4
15077.293283785,64286.1163375656,32620,27376
15209.7225533142,64345.6491503873,32620.8,27376
15343.5553797788,64402.7867593142,32625.6,27373.6
15470.8992294453,64449.3698106332,32631.2,27374.4
15586.8773182758,64475.2189220182,32631.2,27371.4
15689.8520860079,64468.8030213638,32632.8,27371.4
15781.1998744035,64417.849683958,32630.8,27369.8
15864.9410206262,64309.4598120651,32626.8,27369
15947.4758456485,64129.4027073281,32622,27369.8
16037.2393165716,63860.5350730912,32622.8,27369.6
16143.7778293717,63480.5930591578,32625.2,27366.4
16275.9296955273,62960.0362056904,32625.6,27362
16439.2921779501,62261.1568274097,32626.4,27359.6
16633.6251488922,61339.7474345703,32628,27352
16851.051582536,60149.6192911056,32626.4,27353.6
17076.0095204267,58648.8935838757,32630.4,27349.2
17287.5382344496,56806.4426457148,32632,27348.8
17463.1575687502,54607.010589922,32632,27346.4
17582.6987000348,52054.2098243622,32628.8,27350.8
17631.0953601474,49171.4457750309,32632,27344.4
17600.0285472985,46000.8377837736,32631.2,27344
17488.6093123479,42600.1029870194,32627.2,27347.2
17303.4432726476,39038.046519273,32629.6,27348.8
17058.3084259967,35389.6888601353,32634.4,27345.6
16773.2823728751,31731.6599963821,32635.2,27345.6
16473.1065598044,28138.0115158351,32631.2,27347.2
16184.9879654355,24676.5337843023,32633.6,27344.8
15936.3421809847,21405.8474177269,32632.8,27344.8
15752.7987268289,18373.4504564094,32631.2,27342.4
15656.4114651162,15614.614945752,32630.4,27341.6
15663.9413044033,13151.9749813809,32630.4,27343.2
15785.3515095902,10995.7871015604,32628.8,27344.8
16022.8446624736,9144.89289468239,32628.8,27344
16370.5912274968,7588.22931161891,32627.2,27347.2
16815.1805906033,6306.62808337942,32624,27346.4
17336.9629115559,5274.76930956342,32626.4,27346.4
17912.1687426872,4463.15874669499,32630.4,27342.4
18515.1113557382,3840.00864527435,32627.2,27345.6
19119.9473655547,3372.96854850318,32628.8,27341.6
19702.1757782118,3030.57104282936,32633.6,27341.6
20240.169981395,2783.29426733164,32632.8,27340.8
20716.6589694008,2604.35459645378,32632.8,27340.8
21119.8617474921,2470.37529248304,32639.2,27336.8
21443.9274047791,2361.91504081498,32640.8,27337.2
21688.5460259393,2263.76366490995,32638.4,27337.2
21858.0961895079,2164.95520430234,32636,27335.6
21960.8617287322,2058.48886035397,32639.2,27334
22008.4850310334,1940.80097675262,32633.6,27334
22015.4006859155,1811.10078713951,32628,27336.8
21997.8888652044,1670.67834379247,32627.2,27336.8
21972.6532422257,1522.25609818225,32624,27337.6
21955.2034528029,1369.46855543163,32621.6,27337.6
21958.4122662611,1216.51555121514,32625.6,27338.4
21991.4092323452,1067.90868844604,32630.4,27336.8
22058.9763169702,928.162509832361,32632,27337.8
22161.6674610878,801.373621610966,32636,27339.4
22296.4558799559,690.822198859621,32636.8,27341
22457.5079085171,598.813686422524,32636.8,27341
22637.0561419918,526.821681249743,32636,27339.4
22826.4623630328,475.733202735653,32632.8,27342.4
23017.3182609485,445.882187228009,32634.4,27339.2
23202.3877139744,436.750267696427,32626.4,27342.8
23376.3162304608,446.623702928363,32624.8,27342
23536.1089317555,472.703618159497,32624.8,27346
23681.5037654835,511.925150619521,32625.6,27344.4
23815.4700929952,562.285805001039,32623.2,27347.6
23944.9084791211,624.323681777264,32627.2,27345.6
24081.2764071429,702.546315676745,32630.4,27347.2
24240.5884227761,806.523149181471,32631.2,27348
24442.3147086435,951.479837553977,32632,27350.4
24707.1746556566,1158.95369501466,32636,27348
25054.3280184571,1458.12827133503,32636.8,27352.8
25498.5894883704,1887.37330344703,32635.2,27352.8
26048.118716612,2494.29957170754,32632.8,27357.6
26703.0044689695,3332.73508671995,32636,27359.2
27454.9006587494,4456.86097994919,32633.6,27363.2
28287.1674294079,5914.32468445054,32631.2,27361.6
29175.1341265034,7739.97757967117,32630.4,27366.4
30087.0476918753,9951.09627943174,32632,27368
30986.199677179,12544.5008017527,32630.4,27369.6
31833.8688949923,15495.7505966837,32628.8,27369.6
32592.4366396511,18760.5424128534,32634.4,27368.8
33228.2431192626,22278.0849010748,32634.4,27370.4
33713.900281476,25975.5975902076,32638.4,27368
34029.8847873197,29773.1225426542,32639.2,27367.2
34165.4244089337,33588.3326111046,32639.2,27370.4
34118.8428950945,37341.0887874367,32634.4,27373.6
33897.471036123,40957.3165710907,32634.4,27371.2
33517.0213745668,44371.9266555523,32632.8,27368.8
33000.2192708708,47530.8704726353,32632.8,27368
32374.6206533927,50392.5532905213,32636,27366.4
31669.8567103156,52928.7470860847,32640,27365.6
30914.7651768087,55124.9141563212,32640.8,27364.8
30134.7996277257,56979.775350916,32642.4,27366.4
29350.1216445742,58504.3298077489,32639.2,27368.8
28574.9071919797,59720.424170491,32641.6,27370.4
27817.8342003056,60658.520411642,32637.6,27371.2
27082.9736660387,61354.8760170747,32636,27373.6
26370.5743516077,61848.8898174401,32625.6,27373.6
25677.7489145964,62180.7411139122,32625.6,27374.4
24999.1099661445,62388.9292616744,32623.2,27372
24327.507946722,62507.799249457,32627.2,27373.6
23655.0850671382,62565.7401299131,32627.2,27374.4
22974.6167452475,62584.564736424,32635.2,27374.4
22280.8459497173,62580.0192737331,32637.6,27372.8
21571.4525493676,62563.0316620347,32639.2,27374.4
20847.5584216517,62541.1740571432,32636,27374.4
20113.9840907075,62519.8298724463,32635.2,27373.6
19379.4063882918,62502.7699264119,32633.6,27375.6
18656.2475279812,62492.2195924495,32630.4,27374
17959.9528638598,62488.7290542913,32625.6,27374.8
17307.4743044593,62491.1620697896,32622.4,27373.2
16715.1957356427,62497.0822694395,32624.8,27374.8
16196.8007327045,62503.4374428043,32626.4,27370.4
15761.6058287131,62507.0173892201,32628,27371.2
15414.0219105488,62504.5442095956,32631.2,27369.6
15154.4385940516,62492.6346967404,32632,27370.4
14980.7237018508,62467.5806087916,32631.2,27366.4
14889.3078093257,62425.2163643052,32628,27368
14875.6885417818,62361.5769952857,32627.2,27367.2
14934.6891378311,62274.0228626779,32627.2,27367.2
15060.7836380344,62161.93785449,32630.4,27363.2
15248.6754280668,62027.2402318758,32623.2,27368.8
15494.1467949243,61875.1196257858,32621.6,27369.6
15795.0574668874,61714.1172242708,32619.2,27368.8
16152.1486953724,61554.6069640682,32612.8,27372
16569.198420587,61406.2730682093,32612.8,27374.4
17052.4863787233,61276.1349338902,32617.6,27369.6
17610.0188837347,61168.0382131289,32615.2,27374.4
18250.8423729778,61083.4393042731,32616.8,27377.6
18984.3090613164,61022.7970737194,32620.8,27375.2
19818.9583757513,60986.6124190321,32621.6,27376.8
20760.9207951765,60975.4636546446,32620,27377.6
21812.1112990145,60989.5426932697,32624,27375.2
22968.5862773136,61028.4856501054,32626.4,27372.8
24219.5863608318,61091.4021949012,32624,27375.2
25547.8199614079,61176.6460859305,32626.4,27373.6
26930.7684137172,61281.3291166611,32629.6,27376.8
28342.1860138135,61401.0744816059,32627.2,27375.2
29753.4798659139,61530.5127873461,32628,27374.4
31135.2266305689,61664.3299901824,32632.8,27369.6
32459.0273053229,61797.8743661156,32629.6,27369.6
33699.6052111302,61926.5527718095,32632,27366.4
34836.7599870711,62044.4787811139,32636,27366.4
35856.6868577554,62143.5177213949,32635.2,27367.2
36752.36255825,62212.9629000264,32632,27367.2
37523.0923341567,62238.9581469694,32630.4,27366.4
38173.6981039065,62203.1015592053,32624.8,27364.8
38713.701995659,62080.5669797259,32626.4,27362.4
39156.229499846,61838.9697960639,32627.2,27361.6
39516.3160844541,61439.8820557666,32627.2,27361.6
39809.053971419,60843.4544993749,32627.2,27362.4
40048.2537422299,60013.958972364,32624,27364.8
40245.609052613,58923.7922869621,32620,27363.2
40409.7944160284,57555.4783770672,32616.8,27364
40545.4787260148,55902.7310088985,32616.8,27362.4
40653.3692787335,53971.3429060862,32618.4,27356
40731.9899430114,51779.3524662848,32620.8,27350.4
40779.8263486147,49355.5165197237,32618.4,27350.4
40795.9143183047,46736.2539726389,32616.8,27349.6
40778.8205228155,43962.4102887726,32615.2,27349.6
40725.5286220347,41076.857381465,32614.4,27352.8
40631.6591946213,38122.840874454,32617.6,27354.4
40493.4040624958,35142.6435710254,32622.4,27352
40310.1691111909,32176.4911956314,32624,27349.6
40086.1944186432,29261.8327710586,32623.2,27348.8
39830.2073247228,26432.8368294806,32619.2,27348.8
39553.6509532508,23719.7662860672,32616.8,27347.2
39268.6985479811,21148.2437717822,32615.2,27348.8
38986.8053539806,18738.7348200759,32616.8,27349.6
38717.7686074531,16506.4131279689,32620.8,27348.8
38468.8491486583,14461.237544041,32625.6,27347.2
38243.560138123,12608.1573171673,32627.2,27345.6
38040.1145820007,10947.4840004206,32625.6,27342.4
37849.9977517761,9475.31254942333,32625.6,27341.6
37657.4808932492,8184.07357518042,32623.2,27340.8
37440.951778782,7063.33000384481,32621.6,27340
37176.0440043397,6100.54163164455,32621.6,27344
36839.1506698386,5281.71777596235,32621.6,27347.2
36410.0200836311,4592.22490613434,32621.6,27347.2
35873.4710221961,4017.72585942685,32625.6,27344
35220.6379683602,3544.81019453426,32627.2,27344.8
34449.6977947035,3160.95495983842,32623.2,27345.6
33566.0453914705,2854.01627439796,32627.2,27342.4
32581.964562927,2611.80803438866,32626.4,27341.6
31515.5670052701,2422.16859672752,32623.2,27347.2
30389.0402807415,2273.6637903333,32620.8,27345.6
29226.9625535349,2156.61905773462,32619.2,27344.8
28055.322736041,2063.60254657271,32616,27348.8
26900.9383854316,1988.88578780318,32617.6,27346.4
25790.4487384561,1927.51953299664,32615.2,27348
24748.5351025156,1874.90583782634,32613.6,27349.6
23795.840292168,1827.13413117382,32619.2,27344.8
22947.3813361524,1781.85596927475,32621.6,27340
22211.8873425204,1739.27564749818,32621.6,27341.6
21591.8736012692,1702.68418457919,32624,27339.2
21084.0693240388,1678.08001015408,32626.4,27336
20680.1330311138,1673.04378618604,32623.2,27340.8
20367.6539660612,1695.40826935079,32621.6,27344
20131.200524375,1751.98935674614,32619.2,27342.6
19953.3643631193,1847.50342686804,32620,27341.8
19816.0449574611,1983.86322439942,32617.6,27343.4
19701.9450313294,2159.71605971478,32620.8,27341
19595.8978601191,2369.84822852407,32619.2,27337.8
19485.7597478239,2604.70501569581,32617.6,27337.6
19362.8413976932,2850.80151468694,32613.6,27338.4
19221.9701772922,3092.22989001445,32617.6,27335.2
19061.402137975,3312.73632134143,32616.8,27333.6
18882.8222967987,3497.81932942292,32616,27336.8
18691.4155568232,3636.69392962085,32617.6,27340.8
18495.7408536543,3724.07679336487,32620.8,27340
18307.1826641667,3761.40625879647,32617.6,27345
18138.9668555327,3757.04955646798,32618.4,27349
18004.9074398947,3725.74932638934,32620.8,27349
17918.1404691552,3688.23096820413,32621.6,27345
17890.1260978402,3671.60753233433,32618.4,27348.2
17930.1189384424,3710.57916976572,32620,27352
18045.196477412,3848.83578120101,32623.2,27352
18240.8961713692,4139.10709636542,32623.2,27356
18522.0942415833,4640.16398697146,32625.6,27358.4
18893.2456197885,5410.85124530459,32627.2,27358.4
19357.6814167867,6503.2060158466,32628,27357.6
19916.6113071595,7956.72004896394,32626.4,27356.8
20568.3661937341,9794.41491916974,32625.6,27356
21307.8994180576,12020.6364399798,32627.2,27360.8
22126.5198162871,14620.4160175101,32627.2,27364.8
23011.8803891212,17560.1707796213,32626.4,27368
23948.134584343,20789.6507189568,32621.6,27372.8
24916.1937163658,24245.1017991195,32624,27373.6
25894.2237871692,27853.3141129744,32620.8,27372
26858.591528289,31536.0524066568,32622.4,27369.6
27785.274531849,35214.4299300071,32624,27365.6
28651.4795140682,38812.8637347976,32627.2,27364
29437.1105159447,42262.4048802623,32627.2,27362.4
30125.831799686,45503.4957437108,32625.6,27368
30705.6478652649,48488.2160764931,32629.6,27368
31169.087409268,51181.7912493324,32628,27372.8
31513.0049045187,53563.1128828399,32628,27372
31737.8352210832,55624.3321948806,32626.4,27374.4
31846.5681367859,57369.7003477407,32628,27371.2
31844.0423791252,58813.8045824005,32624.8,27372.8
31736.409699337,59979.478337553,32625.6,27370.4
31530.3666469811,60895.6698549322,32626.4,27370.4
31232.5481778778,61595.3368295261,32627.2,27373.6
30849.5020063968,62113.2683565947,32628.8,27368.8
30388.0683363401,62483.7920630918,32627.2,27368.8
29855.9397340553,62738.6758478641,32628,27373.6
29262.2878833092,62905.7556592268,32626.4,27377.6
28618.2444196953,63008.5036673861,32627.2,27373.6
27936.9583982679,63066.3370082838,32624,27380
27233.1281885959,63095.3021249714,32623.2,27381.6
26522.2633806555,63108.6794982306,32620,27376.8
25820.043515845,63117.0709422115,32622.4,27373.6
25141.8362211695,63127.8751690996,32622.4,27376
24502.1331345909,63144.6208524639,32623.2,27372
23913.6793882513,63166.8640747298,32628,27369.6
23386.3413675492,63190.945254791,32632,27368.8
22926.0282470438,63211.3535466302,32630.4,27369.6
22533.9270358165,63222.3050613018,32628.8,27366.4
22206.046486331,63219.2274089424,32632,27363.2
21933.303042914,63199.9679591567,32630.4,27364
21702.704319329,63165.5324729929,32626.4,27368
21499.3954785682,63119.9949560305,32625,27370.4
21308.5225887088,63069.576033711,32623.4,27374.4
21116.4333433459,63021.5042052622,32618.6,27378.8
20911.4357728232,62982.9705023643,32616.2,27380.4
20684.3281312471,62959.9253566282,32620.2,27377.2
20428.8278044135,62955.9341359574,32623.2,27374
20141.9676026173,62971.7470411821,32626.4,27372.4
19824.4255939397,63005.5942394243,32630.4,27375.2
19480.6951636331,63053.7893286211,32631.2,27372.8
19119.0364431539,63111.6283333388,32628.8,27374.4
18751.2984280689,63174.5899000297,32628,27377.6
18392.6668292764,63239.4069484835,32628.8,27379.2
18061.1247192031,63304.5866164467,32628.8,27375.2
17776.3223374348,63370.2747212836,32629.6,27376.8
17557.783157898,63437.6525106961,32629.6,27374.4
17422.7099884863,63508.292455762,32628.8,27372.8
17383.8671805579,63583.7763735088,32628.8,27370.4
17447.9165165298,63665.4638723462,32630.4,27372.8
17614.2572478916,63754.2155212345,32632,27368.8
17874.5348858446,63850.108168657,32635.2,27367.2
18213.4951955366,63952.1539414515,32636,27365.6
18611.3253341333,64057.7328433132,32633.6,27364.8
19046.2847102352,64161.5915192068,32629.6,27364
19496.4429586084,64254.9714300121,32625.6,27365.6
19940.5947284865,64325.4769443796,32620.8,27366.4
20359.0510648698,64357.3624194847,32619.2,27368
20734.6802806891,64331.4689506237,32620.8,27368
21054.0176432061,64224.6152607737,32621.6,27364.8
21307.9402876019,64008.6943717981,32622.4,27364.8
21491.4368337964,63649.7461848194,32623.2,27364
21602.4084485409,63107.8132283727,32623.2,27357.6
21640.1020066047,62338.7451764392,32623.2,27354.4
21604.1552831869,61298.1279323573,32625.6,27352.8
21494.803864015,59946.3930079342,32628.8,27348.8
21313.9179226325,58254.0045846411,32629.6,27346.4
21066.0609662769,56205.7488527129,32630.4,27348
20758.9153050302,53803.318717489,32630.4,27349.6
20402.8850561246,51065.9689565569,32630,27348.8
20010.1683254497,48029.5864199867,32630.8,27346.4
19593.6808057671,44744.5340100623,32632.4,27345.6
19166.079061461,41272.4827234792,32632.4,27344
18739.3953151789,37682.6264335351,32630.8,27344
18325.628288357,34047.7646164454,32628.8,27347.2
17937.4186646847,30440.4572011771,32624.8,27347.2
17587.6731247614,26929.4492265673,32624,27348.8
17288.3759439044,23576.721496488,32624,27352
17049.532435112,20435.1696556376,32622.4,27352.8
16878.6549473192,17546.7160736237,32622.4,27351.2
16780.8256804995,14941.0334101176,32622.4,27354.4
16759.2241468252,12635.1714100143,32620.8,27352
16815.6914487659,10634.0744306892,32620,27347.2
16950.9158300871,8931.77925300655,32621.6,27340.8
17164.3067082196,7513.04341176406,32620.8,27339.2
17453.920764011,6355.18004398721,32621.6,27339.2
17816.630802967,5430.03803762803,32620.8,27342.4
18248.4118395614,4706.12345941855,32625.6,27340.8
18744.4654487902,4150.67147482279,32624.8,27342.4
19298.9867492982,3731.40134296314,32628,27342.4
19904.6074518915,3417.84128447592,32628,27339.2
20551.7369747757,3182.28134113451,32632,27336
21228.0245409432,3000.41396802737,32626.4,27340.8
21918.2302160675,2851.73224041764,32625.6,27341.6
22604.9708850032,2719.85942731823,32623.2,27343.2
23270.3110511822,2592.75350175142,32620.8,27347.2
23897.2849766171,2462.5121973511,32620,27345.6
24470.6859171165,2324.87825975495,32621.6,27341.6
24977.4629001017,2178.77325830799,32624,27341.6
25407.2245416404,2025.75551758482,32625.6,27340
25752.8362209163,1869.0943877018,32627.2,27337.6
26010.8949798543,1712.66538474755,32626.4,27337.6
26181.9230736702,1560.16382299329,32628.8,27336.8
26270.1487526859,1414.7692534445,32626.4,27336
26282.925697111,1279.05551475519,32622.4,27339.2
26230.0901544588,1154.90322498548,32627.2,27337.6
26123.5162521314,1043.36312946293,32624.8,27336
25976.8494731683,944.629590815642,32624,27336
25805.1485701609,858.181482385047,32627.2,27336
25624.1656020141,782.997296666337,32629.6,27329.6
25449.2508416591,717.771674679692,32627.4,27325.6
25294.1041856686,661.084705866953,32632.2,27327.2
25169.6029845684,611.5190522508,32629.8,27329.6
25082.7902211714,567.76194864303,32627.4,27331.2
25036.2114583043,528.686498376353,32625.8,27336.8
25028.1734473676,493.367611604719,32628.8,27341.6
25054.1324267759,461.063607263315,32627.2,27343.2
25108.4292937336,431.326952954857,32626.4,27345.6
25185.6015125679,404.337693365175,32627.2,27344
25281.2197506544,381.320400684293,32628,27344.8
25392.3134960081,364.813184172602,32624,27342.4
25517.3518574089,358.633129011288,32624.8,27341.6
25655.9187501609,367.651983352872,32628,27339.2
25808.2822771377,397.726049380627,32628,27339.2
25974.9463222746,455.932121924585,32631.2,27337.6
26156.2711540931,550.913992311272,32630.4,27342.4
26352.3122257831,692.897171271696,32626.4,27345.6
26562.9379860858,892.976495291441,32623.2,27346.4
26788.1173647813,1161.9221012438,32622.4,27347.2
27028.1779770675,1509.32717582299,32619.2,27348
27283.8490091911,1943.71930430283,32618.4,27349.6
27555.9989876183,2473.64973234989,32622.4,27347.2
27845.09584797,3109.17855080692,32627.2,27351.2
28150.4811750505,3862.97582627002,32631.2,27352
28469.4987609159,4750.68316689568,32633.6,27352
28796.6030567455,5790.57711175815,32636,27353.6
29123.0642015376,7002.66155640593,32632.8,27362.4
29437.7487162676,8407.35726967814,32630.4,27362.4
29728.3629711196,10023.8783784763,32631.2,27363.2
29982.4192697096,11868.2154467045,32630.4,27367.2
30188.0360963159,13950.6652931254,32628.8,27364
30334.7358175905,16273.2265792666,32630.4,27361.6
30414.0722855586,18827.5405303121,32632,27361.6
30420.1149612347,21593.9173852059,32628,27368.8
30349.9703243332,24541.5771452384,32629.6,27365.6
30204.2568217063,27629.9507604046,32634.4,27366.4
29987.2410447085,30810.8181117386,32635.2,27369.6
29706.539908917,34031.0478399829,32634.4,27372
29372.6066628114,37235.5856687546,32637.6,27369.6
28998.2417484097,40370.2324465198,32633.6,27372
28598.1198846221,43383.9948902375,32631.2,27372.8
28188.1002603797,46231.2270742303,32631.2,27368
27784.0880957255,48873.6882782495,32632.8,27365.6
27400.4749220925,51282.2075630919,32629.6,27365.6
27048.5437347894,53437.6074543171,32632.8,27364
26735.238836478,55330.8154350027,32628.8,27365.6
26462.4340705695,56962.3418094769,32632,27366.6
26226.9894554724,58341.2609692048,32631.2,27365.8
26021.8884722871,59483.6751982326,32631.2,27367.4
25837.8553276187,60410.842474678,32628.8,27371.6
25664.5681693881,61147.3794587281,32630.4,27373.2
25491.4451887656,61719.7795941822,32624.8,27373.8
25308.3442211436,62155.0592665424,32623.2,27379.4
25106.2575566335,62479.2135271185,32623.2,27377.8
24878.0167115553,62715.7320884928,32625.6,27372
24619.0004016673,62884.7492295104,32625.6,27375.2
24327.7401527107,63002.9027042612,32625.6,27375.2
24006.2470774747,63083.6882817571,32624.8,27373.6
23659.9284208906,63138.1705864893,32624.8,27377.6
23297.1787761933,63175.7601805748,32622.4,27380
22928.8444300865,63204.7467621133,32624,27376.8
22567.6041595562,63232.5072750352,32626.4,27376
22227.1383850671,63265.4131211964,32625.6,27375.4
21920.96789538,63308.594275853,32624,27373.8
21660.9970848941,63365.7766072049,32625.6,27375.4
21455.9890897833,63439.1859020449,32624.8,27370.6
21310.2288888281,63529.4892641032,32620.8,27370.6
21222.5377841774,63635.9127007039,32623.2,27370.8
21186.0873826291,63756.5400187238,32624.8,27369.2
21189.6036687858,63888.6124626591,32623.2,27368.4
21219.5712054739,64028.7613258759,32622.4,27374.8
21262.226743709,64173.2416783608,32625.6,27375.6
21304.704441753,64318.1852898072,32624.8,27373.6
21335.4762675346,64459.7232870739,32625.6,27372.8
21344.4915279302,64593.8270763869,32628,27370.4
21323.4368103693,64716.1670072464,32625.6,27368.8
21266.2634941485,64822.5065346069,32626.4,27370.4
21169.8006364006,64909.514570948,32624.8,27373.6
21034.1734747991,64975.4093976712,32623.2,27375.2
20862.8557570553,65020.1852591665,32623.2,27380
20662.490080362,65045.5023841416,32625.6,27376.8
20442.7470940467,65054.3299725312,32622.4,27376
20216.1406139374,65050.4312368125,32624,27374.4
19997.3718081528,65037.8340019172,32624,27375.2
19801.9025763157,65020.4458027694,32622.4,27373.6
19643.8808952007,65001.8331783081,32624.8,27372.8
19533.9274748054,64985.0680295452,32629.6,27372
19477.3066605676,64972.6286125001,32631.2,27373.6
19472.7426658855,64966.3570939886,32634.4,27370.4
19512.2499486087,64967.2995768959,32629.6,27373.6
19582.4794407194,64975.0879467702,32627.2,27379.2
19667.2064556313,64986.740186756,32623.2,27380.8
19749.6996807904,64995.6455402679,32622.4,27376
19814.3157863922,64991.8730194959,32623.2,27376.8
19847.6702718954,64963.5879930602,32628,27373.6
19839.7887432164,64898.1076973831,32630.4,27367.2
19785.1950587112,64781.8284156853,32631.2,27367.2
19683.6196807521,64599.5438882758,32632.8,27366.4
19540.0697225742,64334.0003929411,32629.6,27360
19364.2638927259,63966.0736699755,32628,27358.4
19169.6218079335,63475.4463504539,32632,27357.6
18972.0574062159,62841.5799925115,32633.6,27354.4
18788.830543478,62044.9309041443,32630.4,27355.2
18637.5781219906,61068.4413397556,32630.4,27357.6
18535.463431695,59898.9725200119,32634.4,27358.4
18498.325936674,58527.7689718778,32623.2,27360.8
18539.6093204975,56949.5586908981,32622.4,27357.6
18668.7351071284,55161.3919295208,32624,27357.6
18888.8626484959,53162.6666284053,32624,27359.2
19194.454502831,50956.3908144531,32626.4,27353.6
19569.5615551324,48550.718542254,32635.2,27352
19988.0010700088,45960.1447488226,32636,27351.2
20415.6651833015,43206.195658271,32636.8,27344.8
20813.9324801672,40317.5639612422,32640.8,27339.2
21143.4122495986,37329.7487449968,32637.6,27340.8
21368.0127746317,34284.0926460652,32636,27337.6
21459.1844490138,31225.9328809813,32636,27339.2
21399.7322089707,28202.0475847159,32632,27344
21186.3060428753,25258.0221253415,32629.6,27343.2
20829.8164500114,22435.9297839353,32629.6,27338.4
20353.8303986703,19772.3697244753,32628,27340
19791.7303718122,17296.8573186749,32625.8,27340.8
19183.366799613,15030.7747442976,32627.4,27337.6
18571.6262360813,12987.1208935052,32627.4,27340
17999.3094008112,11170.9270988742,32625.8,27342.4
17506.6516598125,9580.03257743823,32626.6,27340
17129.4717034208,8206.02917045715,32625.6,27336.8
16897.6546445477,7035.32731886854,32629.6,27333.6
16833.8300648095,6050.41420349503,32628,27334.4
16952.3108768706,5231.21005242491,32628,27336
17258.2486698163,4556.35243964269,32626.4,27337.6
17747.1763959654,4004.41153139167,32626.4,27336
18405.4686847179,3554.91145582466,32621.6,27338
19211.7232288964,3188.95606112694,32621.6,27336.4
20138.4916672559,2889.61871211029,32626.4,27334
21154.2615172708,2642.3105658583,32627.2,27334.8
22226.1330253713,2434.94319846119,32629.6,27335.2
23323.3545456313,2257.73997039638,32628,27339.6
24421.2490181046,2102.88049601973,32630.4,27342
25504.5264628859,1964.22920756725,32622.4,27344.4
26568.7966061611,1837.40540297493,32620,27346.8
27619.6799139025,1720.25207408758,32619.2,27351.2
28669.9319873395,1613.2817010663,32623.2,27348.8
29735.5830082634,1519.45707197277,32623.2,27345.6
30832.0851024519,1443.05278620155,32625.6,27344.8
31971.2157344365,1388.03217932693,32628.8,27340.8
33159.0904103373,1356.6413745141,32630.4,27340.8
34395.1350165518,1348.60007822277,32631.2,27341.6
35671.6492436539,1360.92476002971,32632,27342.4
36973.8329726777,1388.35406882966,32636,27339.2
38280.3559103162,1424.23327596354,32634.4,27342.4
39564.5301682352,1461.4775911194,32633.6,27339.2
40796.2778241503,1493.329737991,32631.2,27337.6
41944.8922998601,1513.94959356274,32628.8,27337.6
42981.8354131219,1518.8732887708,32625.6,27341.6
43882.786310597,1505.29228956598,32627.2,27338.4
44628.9189717179,1472.29236910504,32629.6,27338.4
45207.6167411452,1421.12913975012,32630.4,27338.4
45612.6140499394,1355.1623693763,32632,27340
45843.5911171151,1279.12564092147,32636,27334.4
45905.3941331809,1198.08729909862,32636.8,27334.4
45807.0886241858,1116.75005977136,32632.8,27339.2
45561.0942369315,1039.24034478811,32632.8,27340.8
45182.603437788,969.009349192898,32632,27339.2
44689.2717972587,908.598264581606,32628.8,27347.2
44101.0186227132,859.369799778652,32625.6,27348.8
43439.7364012543,821.36261170555,32627.2,27345.6
42728.7056561449,793.396767847767,32628,27340.8
41991.6706686196,773.449028256167,32627.2,27342.4
41251.749347639,759.123109811057,32628,27336
40530.3890319808,748.075996231419,32628.8,27335.2
39846.4314543512,738.387713602496,32628,27333.6
39215.2624613774,728.878525015022,32626.8,27340
38648.2808716476,719.47998809334,32622.8,27344
38152.9554207232,711.674959237202,32622.8,27346.4
37733.1507584598,708.682465278812,32622,27348.8
37389.3028824302,715.221359168131,32621.2,27349.6
37118.5973692447,737.185152540661,32621.6,27348
36915.4135637144,781.601052622276,32624.8,27341.6
36772.0468295115,856.856275223353,32624.8,27343.2
36679.7151641793,972.801540430489,32628,27340
36629.8235172898,1140.18123225341,32628,27343.2
36615.2299413678,1369.0109399633,32628.8,27344
36631.2005272229,1666.20744137611,32625.6,27348
36675.9530159631,2033.4140147903,32624.8,27345.6
36750.8517497937,2465.84976583396,32624.8,27345.6
36860.2784761582,2952.66988196129,32628.8,27340.8
37011.0825294584,3478.87939052295,32628.8,27340
37211.4701795392,4028.02712040262,32630.4,27341.6
37469.3291723686,4584.60917945322,32632,27341.6
37790.2371664745,5135.70565427589,32632.8,27344.8
38175.6091701449,5672.07361708022,32631.2,27349.6
38621.3981153689,6189.04922091575,32629.6,27351.2
39117.5675710141,6687.34561633952,32634.4,27350.4
39648.6264726575,7173.72305996907,32633.6,27353.6
40195.312464615,7661.33263748809,32632.8,27353.6
40736.6448617596,8169.22909909692,32632,27352.8
41251.5161164784,8720.85939775145,32636.8,27354.4
41719.923136967,9342.09808147252,32632.8,27354.4
42124.1304649067,10059.4169127129,32632.8,27354.4
42449.6260345974,10898.2112877791,32631.2,27355.2
42685.7636465313,11881.4689961762,32628.8,27356.8
42826.1551400781,13029.1994536447,32625.6,27356.8
42868.7665765628,14358.1756336571,32627.2,27357.6
42815.674841796,15881.0259774722,32623.2,27360.8
42672.6878002881,17604.6188627863,32621.6,27362.4
42449.1243310384,19528.3032007061,32625.6,27360.8
42157.7499934228,21641.905386415,32623.2,27361.6
41814.4126493068,23923.0268095526,32625.6,27360
41436.8797803259,26334.2345328804,32630.4,27358.4
41043.0495885416,28821.8273729819,32629.6,27358.4
40649.3120636831,31317.4645995012,32626.4,27360
40269.5444876663,33742.6181735647,32632,27358.4
39914.673807507,36014.8946871354,32629.6,27358.4
39592.6620621287,38054.956687632,32627.2,27359.2
39308.9238442888,39792.7961418951,32630.4,27357.2
39067.0626258307,41172.4659836362,32631.2,27355.6
38869.4404669343,42154.8393339626,32624.8,27354.8
38717.2245039373,42718.4739243054,32622.4,27355.6
38610.1420946347,42859.1340529059,32625.6,27353.2
38546.2469455103,42588.6092481863,32623.2,27354.4
38521.6762596603,41933.2617990397,32624.8,27356
38530.439506011,40932.4395207917,32626.4,27356
38564.4549305899,39636.4239505082,32629.6,27352
38613.8457060899,38103.4792154516,32627.2,27350.4
38667.3218981166,36396.2353320259,32628.8,27344.8
38712.6686851359,34578.2008744765,32630.4,27341.6
38737.5593277586,32710.8812707665,32634.4,27340
38730.7785886916,30851.3222508749,32635.2,27341.6
38683.6215066157,29049.8953746076,32638.4,27341.6
38591.0303310328,27348.6256859922,32636.8,27344.8
38452.1525402389,25780.3886417552,32632.8,27348.8
38270.3290809216,24368.9271266071,32627.2,27350.4
38052.7256293643,23129.4548018214,32628,27351.2
37809.6672914334,22069.6853146911,32622.4,27352.8
37553.4816448417,21191.2478520219,32624,27355.2
37296.9318112511,20491.5983090661,32628,27350.4
37051.7016587711,19966.4566055509,32629.6,27352
36827.0496878059,19612.2015851964,32631.2,27349.6
36628.4984893217,19427.4841734443,32629.6,27352
36456.8030739405,19414.0113203249,32632,27352
36307.4442909785,19576.8765875128,32631.2,27353.6
36170.5303430409,19924.8411970568,32631.2,27353.6
36031.1400200669,20470.6678760076,32629.6,27358.4
35870.4167655216,21230.6276704318,32632,27360.8
35667.42568294,22222.1541777997,32630.4,27358.4
35401.4191448386,23460.0714185252,32629.6,27362.4
35054.2080423449,24952.797210195,32628,27364.8
34612.417059982,26699.4396997499,32624,27368
34069.3276241214,28688.0445177469,32626.4,27367.2
33426.0086032287,30895.1243906551,32621.6,27375.2
32691.5390019341,33286.5052160258,32619.2,27376
31882.28285451,35819.2028575379,32624,27371.2
31020.3159259006,38443.7950036047,32626.4,27370.4
30131.2078763684,41106.9716579119,32624,27374.4
29241.4658994509,43754.500190844,32628.8,27370.4
28376.0406755955,46334.5445152532,32629.6,27372.8
27556.4950754872,48800.5238512356,32625.6,27375.2
26800.2376284325,51113.050031659,32625.6,27373.6
26120.3035236891,53241.0541570092,32628,27369.6
25524.9917255119,55162.213365899,32624.8,27371.2
25017.6027116934,56862.9312426814,32628,27368
24596.7688052368,58338.0506745836,32627.2,27372.8
24257.2972213485,59590.051063873,32625.6,27373.6
23991.2841941992,60627.6631702467,32626.8,27374.4
23789.3837759234,61464.367209412,32630,27374.4
23642.009219313,62117.1748667423,32626.8,27377.6
23540.1902241964,62605.791130582,32630,27374.4
23476.0760061107,62952.050491851,32628.4,27379.2
23443.3568384942,63179.2248159196,32628.8,27376
23437.7609166065,63310.9279363216,32628.8,27376
23457.3739432799,63369.9630023529,32629.6,27374.4
23502.3709438089,63377.5602354127,32632,27376.8
23574.053001519,63352.9454684941,32636.8,27375.2
23673.4750507906,63312.9341971897,32637.6,27374.4
23800.1177492157,63271.4809903096,32633.6,27372.8
23950.8937920096,63239.416185037,32634.4,27371.2
24119.5147825207,63224.5630000688,32630.4,27368.8
24296.4865242906,63232.0692544888,32629.6,27363.2
24470.1082840079,63264.5032175165,32627.2,27366.4
24627.9605545157,63321.4392837387,32631.2,27368
24758.0245423625,63399.0181771756,32628,27370.4
24849.4484000258,63490.4874625044,32626.4,27373.6
24893.2748044884,63587.8030904001,32624,27378
24883.0602020797,63683.1121766919,32621.3333333333,27380
