INDEX,RESP_THORAX,RESP_ABDOMEN,ACC_VERTICAL,ACC_HORIZONTAL,TIME
0,37624.0,19450.0,26728.0,32760.0,0.0
1,39064.0,24056.0,25692.0,31484.0,0.02
2,40784.0,28508.0,25720.0,33152.0,0.04
3,42192.0,32272.0,24876.0,32344.0,0.06
4,43492.0,34880.0,25364.0,32944.0,0.08
5,45052.0,36968.0,24640.0,33220.0,0.1
6,46328.0,38796.0,27336.0,31472.0,0.12
7,47020.0,40280.0,29048.0,32472.0,0.14
8,47264.0,41544.0,27464.0,29860.0,0.16
9,47616.0,43120.0,28824.0,31304.0,0.18
10,48328.0,44476.0,28888.0,31640.0,0.2
11,49376.0,45704.0,28728.0,32160.0,0.22
12,50720.0,46880.0,28424.0,32032.0,0.24
13,52008.0,48568.0,28464.0,32256.0,0.26
14,52840.0,49904.0,28316.0,32532.0,0.28
15,53192.0,50488.0,28176.0,32568.0,0.3
16,53096.0,50016.0,27696.0,32624.0,0.32
17,52588.0,49704.0,27356.0,33072.0,0.34
18,52104.0,49176.0,27032.0,33137.0,0.36
19,52088.0,48776.0,26648.0,33912.0,0.38
20,52504.0,48656.0,26300.0,34664.0,0.4
21,53864.0,49336.0,25984.0,35216.0,0.42
22,55272.0,50048.0,26236.0,36212.0,0.44
23,56264.0,49884.0,26396.0,37072.0,0.46
24,56768.0,49692.0,26648.0,36880.0,0.48
25,56624.0,50020.0,27032.0,36872.0,0.5
26,55528.0,50208.0,27692.0,36288.0,0.52
27,53736.0,50712.0,28764.0,34896.0,0.54
28,51704.0,52200.0,30016.0,32420.0,0.56
29,49792.0,53864.0,26528.0,30152.0,0.58
30,48008.0,55256.0,21114.0,34584.0,0.6
31,46440.0,55720.0,28164.0,30984.0,0.62
32,45344.0,56008.0,27620.0,33712.0,0.64
33,45064.0,57256.0,27232.0,33132.0,0.66
34,45360.0,58244.0,27328.0,33048.0,0.68
35,44408.0,59192.0,27192.0,32900.0,0.7
36,41844.0,59304.0,27180.0,32764.0,0.72
37,39192.0,59780.0,27360.0,32774.0,0.74
38,38048.0,60056.0,27360.0,32736.0,0.76
39,37808.0,61164.0,27312.0,32648.0,0.78
40,37448.0,61600.0,27344.0,32816.0,0.8
41,36268.0,62040.0,27400.0,32728.0,0.82
42,33904.0,62440.0,27440.0,32760.0,0.84
43,31232.0,62772.0,27400.0,32696.0,0.86
44,29072.0,63008.0,27380.0,32756.0,0.88
45,27212.0,62816.0,27396.0,32840.0,0.9
46,25508.0,62504.0,27420.0,32728.0,0.92
47,23948.0,62400.0,27372.0,32768.0,0.94
48,22680.0,62816.0,27312.0,32736.0,0.96
49,21852.0,63208.0,27328.0,32740.0,0.98
50,21584.0,63256.0,27264.0,32616.0,1.0
51,21624.0,63368.0,27260.0,32592.0,1.02
52,22024.0,63480.0,27176.0,32604.0,1.04
53,23196.0,63584.0,26792.0,32392.0,1.06
54,24956.0,62528.0,26288.0,32448.0,1.08
55,26796.0,60384.0,25444.0,32788.0,1.1
56,28396.0,56368.0,24032.0,32264.0,1.12
57,29600.0,52240.0,25440.0,32904.0,1.14
58,30304.0,48260.0,28052.0,33128.0,1.16
59,30424.0,45000.0,30360.0,35612.0,1.18
60,30816.0,43312.0,28304.0,35060.0,1.2
61,31552.0,45744.0,25121.0,34068.0,1.22
62,31864.0,48816.0,21728.0,33088.0,1.24
63,32520.0,51064.0,20881.0,31280.0,1.26
64,33428.0,52488.0,23828.0,31128.0,1.28
65,34560.0,54120.0,26600.0,28284.0,1.3
66,36364.0,55592.0,32000.0,32084.0,1.32
67,38496.0,56992.0,34480.0,24352.0,1.34
68,40208.0,58056.0,30784.0,27060.0,1.36
69,41268.0,57712.0,31928.0,28216.0,1.38
70,40644.0,58712.0,31356.0,31064.0,1.4
71,39016.0,59248.0,28992.0,30624.0,1.42
72,37196.0,57912.0,27680.0,31668.0,1.44
73,35152.0,52640.0,27064.0,33528.0,1.46
74,32816.0,45868.0,25216.0,34436.0,1.48
75,29684.0,40376.0,26148.0,37384.0,1.5
76,25856.0,36380.0,26680.0,41264.0,1.52
77,22584.0,32792.0,26692.0,43324.0,1.54
78,19900.0,28772.0,28752.0,44608.0,1.56
79,19232.0,26536.0,28108.0,41220.0,1.58
80,22140.0,26228.0,27376.0,39980.0,1.6
81,27472.0,26552.0,27484.0,40352.0,1.62
82,32512.0,25580.0,25516.0,36696.0,1.64
83,36860.0,24872.0,26092.0,35868.0,1.66
84,39560.0,25584.0,27052.0,33448.0,1.68
85,40344.0,25864.0,22204.0,41328.0,1.7
86,39444.0,26304.0,19076.0,26760.0,1.72
87,37272.0,24724.0,23448.0,32080.0,1.74
88,34712.0,21848.0,25356.0,32748.0,1.76
89,32648.0,19380.0,27520.0,32760.0,1.78
90,31504.0,18656.0,29376.0,34488.0,1.8
91,31240.0,18346.0,24184.0,33072.0,1.82
92,30908.0,17048.0,26464.0,32952.0,1.84
93,30200.0,15040.0,27432.0,33532.0,1.86
94,29536.0,13476.0,27416.0,33256.0,1.88
95,28956.0,12944.0,27488.0,33348.0,1.9
96,27920.0,12085.0,27340.0,33056.0,1.92
97,26376.0,10544.0,27068.0,33184.0,1.94
98,24196.0,9344.0,27164.0,32944.0,1.96
99,22300.0,8141.0,27180.0,33296.0,1.98
100,21104.0,7246.0,26792.0,33064.0,2.0
101,19832.0,6451.0,25960.0,32824.0,2.02
102,18328.0,5668.0,25928.0,32608.0,2.04
103,17184.0,4948.0,26564.0,32680.0,2.06
104,16380.0,4630.0,29444.0,34688.0,2.08
105,16368.0,5570.0,28352.0,34800.0,2.1
106,18292.0,8342.0,26368.0,34512.0,2.12
107,21650.0,13356.0,23776.0,32776.0,2.14
108,25432.0,20056.0,23448.0,34256.0,2.16
109,28360.0,25704.0,20232.0,32424.0,2.18
110,29868.0,30504.0,19624.0,29136.0,2.2
111,31204.0,34844.0,24208.0,32264.0,2.22
112,34268.0,36936.0,26864.0,30552.0,2.24
113,38240.0,38080.0,40412.0,25040.0,2.26
114,40772.0,39276.0,34468.0,24049.0,2.28
115,40696.0,40680.0,31888.0,24380.0,2.3
116,39716.0,40328.0,32880.0,27924.0,2.32
117,38492.0,42376.0,31248.0,30024.0,2.34
118,36644.0,44504.0,28752.0,31488.0,2.36
119,35360.0,41300.0,27508.0,34468.0,2.38
120,33804.0,36584.0,26336.0,35964.0,2.4
121,29796.0,32248.0,24892.0,37612.0,2.42
122,25872.0,29912.0,25928.0,41144.0,2.44
123,22684.0,30664.0,26368.0,42252.0,2.46
124,21276.0,33184.0,26836.0,41484.0,2.48
125,23016.0,33472.0,26146.0,40688.0,2.5
126,27872.0,29088.0,26244.0,39900.0,2.52
127,32944.0,25476.0,27480.0,40320.0,2.54
128,37304.0,22468.0,26624.0,40284.0,2.56
129,40896.0,21644.0,24936.0,36768.0,2.58
130,43640.0,20789.0,27072.0,37832.0,2.6
131,44316.0,19468.0,27496.0,27792.0,2.62
132,43000.0,19448.0,19296.0,42876.0,2.64
133,40172.0,19372.0,23536.0,29776.0,2.66
134,36648.0,17252.0,23748.0,30388.0,2.68
135,33728.0,15100.0,24260.0,32408.0,2.7
136,34416.0,13220.0,25936.0,32944.0,2.72
137,38596.0,11572.0,25992.0,32016.0,2.74
138,42116.0,11736.0,29276.0,32688.0,2.76
139,44104.0,13588.0,24556.0,31236.0,2.78
140,43516.0,13620.0,26048.0,33032.0,2.8
141,40176.0,12716.0,27328.0,33120.0,2.82
142,35808.0,14528.0,27560.0,32948.0,2.84
143,31960.0,18924.0,27488.0,33004.0,2.86
144,28392.0,23456.0,27248.0,32928.0,2.88
145,24960.0,25852.0,27072.0,32864.0,2.9
146,21848.0,25568.0,27176.0,32836.0,2.92
147,19180.0,24124.0,27092.0,32448.0,2.94
148,16888.0,22728.0,26456.0,32352.0,2.96
149,15004.0,21828.0,26192.0,33404.0,2.98
150,14500.0,20504.0,26244.0,33196.0,3.0
151,15832.0,17868.0,27704.0,33640.0,3.02
152,17544.0,15405.0,28004.0,34968.0,3.04
153,18880.0,13316.0,26156.0,34420.0,3.06
154,20132.0,11880.0,21920.0,33080.0,3.08
155,22412.0,13092.0,21440.0,29748.0,3.1
156,26552.0,15956.0,22676.0,32384.0,3.12
157,31488.0,19876.0,23652.0,30248.0,3.14
158,35808.0,26056.0,25332.0,29600.0,3.16
159,38820.0,31036.0,32080.0,31960.0,3.18
160,39904.0,35496.0,38576.0,25176.0,3.2
161,38792.0,39344.0,31980.0,27232.0,3.22
162,36184.0,41992.0,31728.0,25604.0,3.24
163,32880.0,43596.0,31816.0,28992.0,3.26
164,30424.0,46112.0,30010.0,29864.0,3.28
165,29396.0,48428.0,28196.0,31532.0,3.3
166,30112.0,50176.0,26936.0,33688.0,3.32
167,31072.0,49128.0,25800.0,36336.0,3.34
168,29616.0,45176.0,25012.0,38412.0,3.36
169,25888.0,41176.0,25268.0,41080.0,3.38
170,22576.0,40512.0,26298.0,42576.0,3.4
171,20082.0,43252.0,27968.0,42780.0,3.42
172,18768.0,46440.0,28496.0,40380.0,3.44
173,17744.0,48868.0,28088.0,39080.0,3.46
174,16984.0,50588.0,28812.0,38656.0,3.48
175,17066.0,52136.0,27252.0,37232.0,3.5
176,18956.0,53680.0,27016.0,37608.0,3.52
177,22224.0,55212.0,27328.0,37380.0,3.54
178,26504.0,56056.0,26816.0,34364.0,3.56
179,30784.0,55256.0,27064.0,50040.0,3.58
180,33732.0,53668.0,31644.0,26920.0,3.6
181,34596.0,51060.0,26084.0,31004.0,3.62
182,33704.0,45712.0,27120.0,34024.0,3.64
183,31976.0,39792.0,23560.0,30036.0,3.66
184,31328.0,35920.0,27700.0,33572.0,3.68
185,32996.0,35192.0,20904.0,27632.0,3.7
186,35353.0,33552.0,26244.0,33652.0,3.72
187,36736.0,31680.0,27472.0,33048.0,3.74
188,37712.0,31080.0,27740.0,33360.0,3.76
189,38004.0,30752.0,27536.0,33472.0,3.78
190,37024.0,30784.0,27128.0,33072.0,3.8
191,33216.0,30256.0,27056.0,32532.0,3.82
192,28624.0,28093.0,27360.0,33300.0,3.84
193,26192.0,24672.0,27384.0,33448.0,3.86
194,26720.0,21604.0,27060.0,33424.0,3.88
195,29098.0,18964.0,26880.0,32058.0,3.9
196,31488.0,16594.0,27908.0,35036.0,3.92
197,33376.0,15585.0,27776.0,33736.0,3.94
198,34812.0,17100.0,25520.0,33760.0,3.96
199,35820.0,20360.0,22010.0,31752.0,3.98
200,37568.0,24672.0,20444.0,32544.0,4.0
201,40240.0,29776.0,17256.0,29332.0,4.02
202,42352.0,34400.0,17002.0,26940.0,4.04
203,43200.0,38356.0,28284.0,31368.0,4.06
204,43624.0,41712.0,29808.0,31764.0,4.08
205,44536.0,44832.0,33776.0,30020.0,4.1
206,45880.0,47424.0,34236.0,27104.0,4.12
207,46616.0,49512.0,33866.0,27332.0,4.14
208,46232.0,50672.0,34532.0,28872.0,4.16
209,44720.0,51552.0,32960.0,30128.0,4.18
210,43372.0,53416.0,31128.0,30872.0,4.2
211,43148.0,51056.0,29536.0,32120.0,4.22
212,42704.0,44112.0,27824.0,34012.0,4.24
213,39952.0,38168.0,26880.0,35296.0,4.26
214,34968.0,33504.0,25420.0,36856.0,4.28
215,30384.0,29776.0,25360.0,40344.0,4.3
216,26896.0,27480.0,25628.0,40616.0,4.32
217,26064.0,26180.0,26792.0,41080.0,4.34
218,27760.0,25468.0,27144.0,41932.0,4.36
219,30912.0,24016.0,26916.0,39120.0,4.38
220,35156.0,22268.0,27988.0,39380.0,4.4
221,39168.0,20786.0,26216.0,37716.0,4.42
222,42512.0,19264.0,27252.0,38188.0,4.44
223,45348.0,18516.0,27228.0,36824.0,4.46
224,47656.0,18908.0,21690.0,53160.0,4.48
225,48876.0,18992.0,22048.0,27146.0,4.5
226,48112.0,16582.0,23554.0,30792.0,4.52
227,46024.0,14442.0,25000.0,32992.0,4.54
228,44496.0,12704.0,25600.0,33040.0,4.56
229,44788.0,11886.0,28308.0,33888.0,4.58
230,45960.0,12840.0,23284.0,34956.0,4.6
231,46376.0,13182.0,23424.0,29816.0,4.62
232,46064.0,12124.0,26848.0,33824.0,4.64
233,45424.0,11192.0,27268.0,33288.0,4.66
234,45532.0,10633.0,27688.0,33376.0,4.68
235,45992.0,9510.0,27392.0,33316.0,4.7
236,46024.0,8489.0,27068.0,33088.0,4.72
237,45024.0,7444.0,26948.0,32900.0,4.74
238,44724.0,6595.0,27056.0,33024.0,4.76
239,45360.0,5817.0,26968.0,33240.0,4.78
240,46592.0,5071.0,26132.0,33120.0,4.8
241,47344.0,4514.0,26052.0,32688.0,4.82
242,47120.0,4024.0,25516.0,32480.0,4.84
243,46648.0,4899.0,26768.0,33920.0,4.86
244,46576.0,8054.0,24768.0,33812.0,4.88
245,46956.0,12193.0,24268.0,33096.0,4.9
246,47280.0,16568.0,24704.0,33216.0,4.92
247,47496.0,22164.0,22436.0,33288.0,4.94
248,47776.0,27696.0,21432.0,30098.0,4.96
249,48628.0,32412.0,23816.0,30712.0,4.98
250,50176.0,36596.0,26056.0,30604.0,5.0
251,52012.0,40000.0,34420.0,32292.0,5.02
252,53160.0,41784.0,35744.0,26464.0,5.04
253,53096.0,43032.0,31760.0,27984.0,5.06
254,52040.0,44744.0,32832.0,28140.0,5.08
255,50184.0,45664.0,32568.0,29632.0,5.1
256,49432.0,45456.0,31084.0,30552.0,5.12
257,49988.0,44872.0,29394.0,31816.0,5.14
258,51212.0,43688.0,28460.0,32488.0,5.16
259,51696.0,42256.0,27948.0,33264.0,5.18
260,50776.0,40756.0,26176.0,33456.0,5.2
261,48376.0,39008.0,24208.0,35432.0,5.22
262,45456.0,37680.0,24338.0,36616.0,5.24
263,43644.0,37320.0,22568.0,36152.0,5.26
264,43592.0,37712.0,22633.0,37160.0,5.28
265,44920.0,38244.0,24104.0,40464.0,5.3
266,46340.0,39144.0,23584.0,40528.0,5.32
267,47548.0,39912.0,27504.0,43184.0,5.34
268,48892.0,39520.0,29264.0,43760.0,5.36
269,49912.0,39596.0,28904.0,42560.0,5.38
270,50224.0,41072.0,21836.0,37148.0,5.4
271,49776.0,43900.0,32136.0,47104.0,5.42
272,48416.0,46880.0,26072.0,29808.0,5.44
273,46288.0,48312.0,28252.0,34560.0,5.46
274,43628.0,47520.0,22924.0,30900.0,5.48
275,40768.0,45304.0,26928.0,33202.0,5.5
276,40136.0,42468.0,25200.0,32676.0,5.52
277,42680.0,40716.0,25664.0,33356.0,5.54
278,45832.0,40880.0,26692.0,33368.0,5.56
279,48400.0,42888.0,26848.0,33100.0,5.58
280,49800.0,43624.0,26976.0,33088.0,5.6
281,49440.0,42848.0,27240.0,33328.0,5.62
282,48200.0,40532.0,27088.0,32996.0,5.64
283,47280.0,37700.0,27417.0,33340.0,5.66
284,47608.0,34520.0,27632.0,33696.0,5.68
285,48576.0,31348.0,27648.0,33724.0,5.7
286,48776.0,27872.0,27536.0,33676.0,5.72
287,48024.0,24448.0,27296.0,33832.0,5.74
288,46800.0,21216.0,26288.0,33848.0,5.76
289,45192.0,18528.0,25216.0,33452.0,5.78
290,43188.0,16388.0,24864.0,33192.0,5.8
291,40760.0,14368.0,24880.0,33324.0,5.82
292,38680.0,12457.0,24264.0,32808.0,5.84
293,38928.0,10808.0,22872.0,32768.0,5.86
294,42120.0,9872.0,19960.0,32656.0,5.88
295,45312.0,16392.0,23288.0,35136.0,5.9
296,47968.0,22836.0,25276.0,34800.0,5.92
297,50240.0,24892.0,27080.0,29008.0,5.94
298,51948.0,24900.0,26188.0,32704.0,5.96
299,51696.0,25820.0,29216.0,29312.0,5.98
300,48936.0,28864.0,30676.0,30164.0,6.0
301,45444.0,32800.0,30616.0,31112.0,6.02
302,43212.0,35968.0,29588.0,30824.0,6.04
303,42280.0,38424.0,28856.0,31560.0,6.06
304,41592.0,41472.0,27856.0,31828.0,6.08
305,40328.0,44432.0,26748.0,31912.0,6.1
306,38424.0,47104.0,25752.0,32224.0,6.12
307,36048.0,49248.0,25308.0,32872.0,6.14
308,33244.0,51304.0,25552.0,33384.0,6.16
309,30112.0,52776.0,24464.0,33216.0,6.18
310,26844.0,54540.0,23900.0,32928.0,6.2
311,23740.0,55264.0,23908.0,33560.0,6.22
312,21300.0,57020.0,22968.0,34728.0,6.24
313,19848.0,58040.0,22340.0,36900.0,6.26
314,18552.0,58968.0,22508.0,40048.0,6.28
315,17352.0,59816.0,22536.0,42384.0,6.3
316,16356.0,58940.0,18992.0,41732.0,6.32
317,15240.0,54792.0,28104.0,50104.0,6.34
318,13738.0,52560.0,26912.0,28048.0,6.36
319,12140.0,51392.0,30668.0,40304.0,6.38
320,10740.0,47584.0,26792.0,37084.0,6.4
321,9596.0,42114.0,27452.0,35688.0,6.42
322,10036.0,36800.0,27584.0,33064.0,6.44
323,13524.0,32388.0,27356.0,33140.0,6.46
324,18512.0,28528.0,27320.0,32924.0,6.48
325,22112.0,25172.0,27300.0,32980.0,6.5
326,24216.0,22748.0,27436.0,33080.0,6.52
327,25256.0,20104.0,27376.0,32944.0,6.54
328,25724.0,17656.0,27296.0,33040.0,6.56
329,26004.0,16148.0,27376.0,32984.0,6.58
330,26080.0,15092.0,27336.0,32920.0,6.6
331,25744.0,14144.0,27364.0,32840.0,6.62
332,25172.0,12850.0,27392.0,32904.0,6.64
333,24776.0,11232.0,27372.0,32920.0,6.66
334,24706.0,9902.0,27280.0,32864.0,6.68
335,25456.0,8849.0,27384.0,33052.0,6.7
336,26248.0,8953.0,27360.0,33192.0,6.72
337,26568.0,9533.0,27216.0,33104.0,6.74
338,26344.0,9937.0,27296.0,33080.0,6.76
339,24748.0,10016.0,27092.0,32764.0,6.78
340,21844.0,10856.0,26888.0,32624.0,6.8
341,19040.0,13108.0,25792.0,32812.0,6.82
342,16848.0,15700.0,24224.0,32820.0,6.84
343,16056.0,16008.0,22600.0,32416.0,6.86
344,18588.0,14524.0,20008.0,31100.0,6.88
345,23000.0,19506.0,21356.0,30152.0,6.9
346,27864.0,22996.0,21184.0,31612.0,6.92
347,32472.0,21324.0,22936.0,30996.0,6.94
348,36080.0,19121.0,28928.0,26552.0,6.96
349,37988.0,18634.0,28912.0,28392.0,6.98
350,38540.0,19456.0,30796.0,29728.0,7.0
351,38352.0,21168.0,30772.0,30784.0,7.02
352,37392.0,24068.0,30164.0,30912.0,7.04
353,35616.0,27296.0,30496.0,31572.0,7.06
354,33776.0,31468.0,29888.0,31924.0,7.08
355,32332.0,35736.0,28880.0,32284.0,7.1
356,30916.0,39576.0,28292.0,32242.0,7.12
357,29744.0,42808.0,27816.0,32616.0,7.14
358,29296.0,45688.0,28380.0,34664.0,7.16
359,29216.0,47848.0,27368.0,36980.0,7.18
360,29124.0,49916.0,27480.0,38996.0,7.2
361,28684.0,51816.0,27620.0,39852.0,7.22
362,27776.0,53464.0,28584.0,40984.0,7.24
363,26780.0,53836.0,29560.0,40560.0,7.26
364,26256.0,54608.0,30172.0,39824.0,7.28
365,26360.0,55992.0,30468.0,38780.0,7.3
366,27344.0,57240.0,29500.0,38752.0,7.32
367,29448.0,58264.0,27672.0,38968.0,7.34
368,32416.0,59160.0,26620.0,38016.0,7.36
369,35648.0,59824.0,25968.0,37288.0,7.38
370,38072.0,58136.0,25924.0,35852.0,7.4
371,39176.0,55176.0,27860.0,33512.0,7.42
372,39120.0,53532.0,15388.0,43012.0,7.44
373,37412.0,52208.0,23464.0,27236.0,7.46
374,34808.0,48968.0,26548.0,32016.0,7.48
375,31804.0,43864.0,26332.0,33760.0,7.5
376,28648.0,40352.0,21260.0,31296.0,7.52
377,27356.0,38992.0,19880.0,34884.0,7.54
378,27300.0,37492.0,22036.0,29492.0,7.56
379,26588.0,33820.0,26564.0,33808.0,7.58
380,25416.0,29868.0,27520.0,32948.0,7.6
381,24736.0,27240.0,27744.0,33348.0,7.62
382,23708.0,25824.0,27468.0,33272.0,7.64
383,21400.0,23200.0,27224.0,32984.0,7.66
384,18762.0,20248.0,27080.0,32856.0,7.68
385,17124.0,17836.0,27372.0,32984.0,7.7
386,17240.0,15754.0,27264.0,33040.0,7.72
387,18716.0,13904.0,27010.0,32752.0,7.74
388,20512.0,12372.0,26600.0,32344.0,7.76
389,21772.0,11080.0,27044.0,32960.0,7.78
390,22100.0,9660.0,27084.0,33872.0,7.8
391,21680.0,8608.0,26704.0,32744.0,7.82
392,21008.0,8202.0,27788.0,34144.0,7.84
393,20288.0,7828.0,27860.0,34428.0,7.86
394,20836.0,7700.0,25804.0,33728.0,7.88
395,22576.0,10104.0,23744.0,32916.0,7.9
396,23920.0,12682.0,22984.0,32976.0,7.92
397,24988.0,14204.0,21300.0,32644.0,7.94
398,26000.0,15420.0,21700.0,30844.0,7.96
399,27048.0,16712.0,23024.0,30244.0,7.98
400,28404.0,19368.0,27908.0,30636.0,8.0
401,30012.0,20992.0,35100.0,30400.0,8.02
402,31496.0,22556.0,37396.0,25800.0,8.04
403,32044.0,25064.0,31380.0,28316.0,8.06
404,31484.0,26320.0,31492.0,27960.0,8.08
405,30508.0,25520.0,32116.0,29948.0,8.1
406,30092.0,27004.0,31048.0,30860.0,8.12
407,30888.0,28200.0,28644.0,31476.0,8.14
408,31520.0,28264.0,27942.0,33588.0,8.16
409,30056.0,27216.0,27476.0,34680.0,8.18
410,26432.0,25376.0,26732.0,36056.0,8.2
411,22932.0,23108.0,26368.0,38476.0,8.22
412,20052.0,22272.0,27208.0,40488.0,8.24
413,18288.0,24058.0,27984.0,41256.0,8.26
414,18816.0,25872.0,27780.0,41216.0,8.28
415,22192.0,26752.0,27304.0,39788.0,8.3
416,26498.0,25440.0,26808.0,38388.0,8.32
417,30884.0,23076.0,26618.0,39008.0,8.34
418,34552.0,21184.0,26048.0,38864.0,8.36
419,36436.0,20176.0,25280.0,37624.0,8.38
420,37228.0,19172.0,19268.0,38988.0,8.4
421,37376.0,17820.0,25928.0,40552.0,8.42
422,37268.0,17861.0,20344.0,29384.0,8.44
423,36448.0,17296.0,25588.0,30696.0,8.46
424,33720.0,15404.0,27436.0,33112.0,8.48
425,29668.0,13624.0,29256.0,33432.0,8.5
426,27376.0,13708.0,18096.0,32244.0,8.52
427,28344.0,12436.0,26248.0,28289.0,8.54
428,30464.0,10774.0,28328.0,32796.0,8.56
429,31156.0,11900.0,28064.0,33164.0,8.58
430,30320.0,18840.0,27788.0,33720.0,8.6
431,28952.0,24432.0,27324.0,33248.0,8.62
432,25888.0,26420.0,26816.0,33156.0,8.64
433,22560.0,25756.0,26952.0,32512.0,8.66
434,20448.0,22596.0,27032.0,33400.0,8.68
435,21152.0,19450.0,26868.0,32868.0,8.7
436,23464.0,16728.0,26068.0,33508.0,8.72
437,25644.0,14377.0,26532.0,32520.0,8.74
438,26904.0,12488.0,27448.0,34368.0,8.76
439,27048.0,10832.0,26732.0,34196.0,8.78
440,26592.0,9680.0,24040.0,33548.0,8.8
441,26760.0,9520.0,23704.0,32724.0,8.82
442,28680.0,11026.0,22392.0,33036.0,8.84
443,31652.0,13784.0,21434.0,31864.0,8.86
444,35000.0,17344.0,22046.0,28952.0,8.88
445,38672.0,22612.0,24732.0,29740.0,8.9
446,41968.0,28088.0,33312.0,29448.0,8.92
447,44744.0,32832.0,38840.0,26900.0,8.94
448,46496.0,36984.0,31272.0,27104.0,8.96
449,46696.0,40200.0,31864.0,27448.0,8.98
450,45216.0,41584.0,32336.0,29432.0,9.0
451,43088.0,42880.0,30900.0,29796.0,9.02
452,40668.0,45752.0,29368.0,31256.0,9.04
453,39304.0,46832.0,27864.0,33896.0,9.06
454,38960.0,43256.0,26744.0,35808.0,9.08
455,37144.0,37228.0,25280.0,37144.0,9.1
456,32920.0,32192.0,25636.0,40256.0,9.12
457,28608.0,29468.0,27200.0,42544.0,9.14
458,25008.0,31672.0,27700.0,42128.0,9.16
459,22672.0,34648.0,27784.0,41776.0,9.18
460,23248.0,33888.0,28584.0,41336.0,9.2
461,27936.0,33092.0,27024.0,38160.0,9.22
462,33056.0,33036.0,27044.0,38264.0,9.24
463,37356.0,32340.0,26768.0,39672.0,9.26
464,39584.0,32604.0,25048.0,33808.0,9.28
465,40040.0,33020.0,18264.0,42656.0,9.3
466,40520.0,31616.0,27344.0,29976.0,9.32
467,41024.0,27940.0,27576.0,31936.0,9.34
468,40884.0,24884.0,26676.0,33928.0,9.36
469,39776.0,23192.0,25904.0,33764.0,9.38
470,38640.0,23060.0,27608.0,33096.0,9.4
471,37952.0,23448.0,27192.0,32586.0,9.42
472,37204.0,25360.0,25088.0,33992.0,9.44
473,36412.0,27288.0,24464.0,31872.0,9.46
474,36528.0,28380.0,26640.0,32988.0,9.48
475,36256.0,30808.0,27420.0,33216.0,9.5
476,35504.0,33070.0,27624.0,33140.0,9.52
477,34948.0,34360.0,27356.0,33224.0,9.54
478,34188.0,34968.0,26944.0,33052.0,9.56
479,33192.0,35484.0,27000.0,33128.0,9.58
480,32104.0,35680.0,27616.0,33472.0,9.6
481,31120.0,35744.0,27112.0,33880.0,9.62
482,30576.0,36744.0,26548.0,33304.0,9.64
483,30848.0,38808.0,27388.0,32772.0,9.66
484,31724.0,41716.0,27424.0,34688.0,9.68
485,33116.0,44696.0,26228.0,33832.0,9.7
486,35052.0,47432.0,24892.0,33488.0,9.72
487,36908.0,49352.0,24168.0,33564.0,9.74
488,38136.0,51536.0,22260.0,33472.0,9.76
489,38656.0,52880.0,20376.0,31416.0,9.78
490,38356.0,54336.0,20642.0,29376.0,9.8
491,37632.0,54936.0,24868.0,30156.0,9.82
492,36956.0,56296.0,28880.0,34344.0,9.84
493,37256.0,57456.0,36848.0,30276.0,9.86
494,38136.0,57920.0,36304.0,26666.0,9.88
495,38252.0,56936.0,31844.0,25868.0,9.9
496,37584.0,54200.0,32984.0,28952.0,9.92
497,36040.0,48832.0,32648.0,29632.0,9.94
498,34472.0,47800.0,30868.0,30252.0,9.96
499,33652.0,50416.0,29192.0,31104.0,9.98
500,33360.0,48568.0,28140.0,32184.0,10.0
501,32512.0,42088.0,28000.0,34460.0,10.02
502,30336.0,36772.0,26480.0,36324.0,10.04
503,26756.0,32360.0,25448.0,37792.0,10.06
504,23332.0,30224.0,25904.0,41192.0,10.08
505,20592.0,30248.0,26868.0,42584.0,10.1
506,19200.0,29384.0,28048.0,42216.0,10.12
507,19320.0,27012.0,27784.0,40436.0,10.14
508,21042.0,24840.0,27384.0,40792.0,10.16
509,24520.0,23324.0,26488.0,38032.0,10.18
510,29316.0,22072.0,26904.0,37472.0,10.2
511,34112.0,21612.0,28056.0,36116.0,10.22
512,37712.0,21746.0,13520.0,48040.0,10.24
513,39024.0,23720.0,26836.0,31328.0,10.26
514,38088.0,25660.0,24676.0,32492.0,10.28
515,35008.0,26248.0,25292.0,33548.0,10.3
516,31288.0,23896.0,22964.0,31688.0,10.32
517,28744.0,21652.0,28188.0,31840.0,10.34
518,27508.0,20568.0,26160.0,32608.0,10.36
519,27300.0,19560.0,25540.0,32888.0,10.38
520,27780.0,17312.0,26376.0,33064.0,10.4
521,27960.0,15160.0,26944.0,33216.0,10.42
522,28328.0,13394.0,26776.0,32988.0,10.44
523,28960.0,11756.0,27028.0,32684.0,10.46
524,29144.0,10244.0,27288.0,33732.0,10.48
525,28664.0,9044.0,25904.0,32736.0,10.5
526,28184.0,7930.0,25592.0,32764.0,10.52
527,28412.0,6942.0,27160.0,32504.0,10.54
528,29608.0,6182.0,29072.0,35760.0,10.56
529,30752.0,6226.0,28028.0,34400.0,10.58
530,31392.0,10192.0,24420.0,33120.0,10.6
531,32380.0,14828.0,24000.0,33292.0,10.62
532,34440.0,19188.0,22601.0,33692.0,10.64
533,36776.0,24786.0,19980.0,31248.0,10.66
534,38992.0,29840.0,19964.0,29300.0,10.68
535,41272.0,34344.0,24932.0,30656.0,10.7
536,44036.0,38320.0,35684.0,29256.0,10.72
537,46552.0,41564.0,36124.0,29112.0,10.74
538,47300.0,43524.0,30644.0,26428.0,10.76
539,45120.0,44384.0,33552.0,29322.0,10.78
540,41712.0,43656.0,33284.0,29800.0,10.8
541,39352.0,41088.0,31504.0,30820.0,10.82
542,38984.0,38288.0,30296.0,32296.0,10.84
543,40060.0,35736.0,29040.0,33724.0,10.86
544,41104.0,32624.0,27556.0,34220.0,10.88
545,40920.0,28744.0,25908.0,36488.0,10.9
546,39456.0,24824.0,26248.0,39768.0,10.92
547,37472.0,21756.0,26088.0,40368.0,10.94
548,36608.0,20320.0,26928.0,40328.0,10.96
549,37260.0,19300.0,26424.0,38768.0,10.98
550,38808.0,17224.0,26500.0,38824.0,11.0
551,41552.0,15152.0,26916.0,38664.0,11.02
552,44496.0,13324.0,26648.0,38368.0,11.04
553,46968.0,12422.0,25376.0,37868.0,11.06
554,48760.0,12969.0,26784.0,37800.0,11.08
555,49760.0,11620.0,27232.0,37340.0,11.1
556,50136.0,10193.0,16188.0,38488.0,11.12
557,50016.0,8914.0,18420.0,28328.0,11.14
558,50080.0,7836.0,25288.0,31756.0,11.16
559,50528.0,7100.0,25296.0,33220.0,11.18
560,50744.0,7408.0,26800.0,34136.0,11.2
561,50360.0,6708.0,27744.0,33788.0,11.22
562,49768.0,6482.0,27776.0,33772.0,11.24
563,49400.0,7305.0,29048.0,35440.0,11.26
564,49120.0,7189.0,23636.0,32656.0,11.28
565,48416.0,6256.0,24780.0,32736.0,11.3
566,46808.0,5304.0,27224.0,33380.0,11.32
567,44736.0,5684.0,27344.0,33312.0,11.34
568,42836.0,6906.0,27368.0,33492.0,11.36
569,41112.0,7360.0,27260.0,33288.0,11.38
570,39872.0,6542.0,26984.0,33520.0,11.4
571,39624.0,5549.0,26716.0,33368.0,11.42
572,39812.0,4780.0,26824.0,33224.0,11.44
573,40160.0,4192.0,27536.0,34352.0,11.46
574,39736.0,3714.0,27060.0,34208.0,11.48
575,37732.0,3296.0,25760.0,34052.0,11.5
576,34228.0,3013.0,22904.0,32792.0,11.52
577,30468.0,2746.0,21424.0,31092.0,11.54
578,27716.0,2394.0,20360.0,31084.0,11.56
579,26524.0,3006.0,18784.0,28752.0,11.58
580,26780.0,5393.0,23208.0,31856.0,11.6
581,28392.0,6888.0,25544.0,34280.0,11.62
582,31596.0,9512.0,30800.0,29784.0,11.64
583,36100.0,13340.0,36108.0,23964.0,11.66
584,39028.0,17668.0,32524.0,24728.0,11.68
585,38948.0,23384.0,33596.0,27393.0,11.7
586,37012.0,28084.0,32772.0,28684.0,11.72
587,33640.0,31064.0,30564.0,28736.0,11.74
588,29968.0,35040.0,29260.0,30612.0,11.76
589,28776.0,38748.0,27153.0,31336.0,11.78
590,31036.0,41216.0,24932.0,32560.0,11.8
591,34412.0,41904.0,23468.0,33252.0,11.82
592,35020.0,40480.0,21976.0,33288.0,11.84
593,32316.0,39992.0,20696.0,33108.0,11.86
594,27876.0,42128.0,20648.0,33552.0,11.88
595,24288.0,44872.0,20592.0,33476.0,11.9
596,22112.0,47472.0,20864.0,34336.0,11.92
597,22960.0,49348.0,22552.0,36336.0,11.94
598,26428.0,50224.0,23472.0,38584.0,11.96
599,30848.0,50464.0,23004.0,39388.0,11.98
600,34972.0,51008.0,26512.0,42424.0,12.0
601,37604.0,52432.0,28732.0,45912.0,12.02
602,38096.0,54064.0,24488.0,44464.0,12.04
603,36688.0,55496.0,25244.0,21625.0,12.06
604,34452.0,56752.0,23164.0,35632.0,12.08
605,31616.0,57168.0,26944.0,37024.0,12.1
606,28728.0,54256.0,26680.0,33780.0,12.12
607,27336.0,48688.0,27560.0,33296.0,12.14
608,27608.0,43192.0,27264.0,33912.0,12.16
609,28840.0,39656.0,27336.0,33128.0,12.18
610,30336.0,37336.0,27384.0,33064.0,12.2
611,32104.0,35124.0,27408.0,33128.0,12.22
612,34036.0,33180.0,27372.0,32920.0,12.24
613,36084.0,32468.0,27416.0,33032.0,12.26
614,38348.0,31336.0,27420.0,33152.0,12.28
615,40236.0,29548.0,27420.0,33076.0,12.3
616,41888.0,26588.0,27352.0,32936.0,12.32
617,43868.0,23320.0,27372.0,33048.0,12.34
618,45672.0,21248.0,27328.0,32884.0,12.36
619,46980.0,20192.0,27396.0,33056.0,12.38
620,47848.0,20368.0,27356.0,33108.0,12.4
621,48216.0,21620.0,26916.0,32752.0,12.42
622,48408.0,22544.0,27156.0,33400.0,12.44
623,48272.0,22756.0,26984.0,33372.0,12.46
624,47480.0,23712.0,26512.0,33060.0,12.48
625,46512.0,25656.0,25912.0,33056.0,12.5
626,46336.0,28192.0,25237.0,32672.0,12.52
627,46692.0,30712.0,23040.0,31944.0,12.54
628,47124.0,30736.0,19528.0,29992.0,12.56
629,48400.0,28173.0,19448.0,27512.0,12.58
630,50520.0,29088.0,21680.0,31712.0,12.6
631,52296.0,34368.0,25628.0,35072.0,12.62
632,53736.0,37376.0,29464.0,27652.0,12.64
633,54848.0,36332.0,28396.0,27416.0,12.66
634,54824.0,32186.0,30328.0,26916.0,12.68
635,53064.0,29356.0,31912.0,29192.0,12.7
636,50496.0,27970.0,31068.0,30104.0,12.72
637,48144.0,26192.0,29652.0,30184.0,12.74
638,45728.0,23616.0,29472.0,30996.0,12.76
639,43336.0,20704.0,28232.0,31716.0,12.78
640,40880.0,18724.0,26588.0,32272.0,12.8
641,38208.0,19328.0,26540.0,33496.0,12.82
642,35520.0,22268.0,25368.0,33616.0,12.84
643,33092.0,26410.0,24896.0,34108.0,12.86
644,30588.0,31072.0,24172.0,36160.0,12.88
645,27936.0,35888.0,22264.0,37856.0,12.9
646,25620.0,39424.0,22146.0,39816.0,12.92
647,24160.0,42504.0,23304.0,41952.0,12.94
648,23712.0,44104.0,24736.0,43624.0,12.96
649,23976.0,45448.0,29016.0,47072.0,12.98
650,24344.0,47456.0,25652.0,42168.0,13.0
651,24484.0,48544.0,26748.0,22124.0,13.02
652,23400.0,48836.0,22716.0,32992.0,13.04
653,21016.0,49152.0,27360.0,35204.0,13.06
654,18552.0,46928.0,26288.0,32432.0,13.08
655,16756.0,44144.0,27468.0,33624.0,13.1
656,15392.0,42356.0,27304.0,33256.0,13.12
657,14656.0,39896.0,27268.0,33004.0,13.14
658,14597.0,37976.0,27320.0,32844.0,13.16
659,14940.0,36944.0,27320.0,33008.0,13.18
660,15313.0,35912.0,27316.0,32912.0,13.2
661,15412.0,33160.0,27272.0,32904.0,13.22
662,15472.0,29512.0,27344.0,32900.0,13.24
663,15516.0,25956.0,27340.0,32924.0,13.26
664,16288.0,22736.0,27364.0,32896.0,13.28
665,17774.0,19984.0,27124.0,32296.0,13.3
666,20484.0,17488.0,27012.0,32584.0,13.32
667,24096.0,15740.0,27192.0,32652.0,13.34
668,27284.0,14685.0,27260.0,32720.0,13.36
669,30016.0,12824.0,27256.0,33508.0,13.38
670,32908.0,12176.0,27372.0,33436.0,13.4
671,36252.0,13716.0,27164.0,33600.0,13.42
672,38968.0,16097.0,27868.0,34200.0,13.44
673,40496.0,19296.0,26540.0,34164.0,13.46
674,41184.0,24528.0,23316.0,33032.0,13.48
675,40880.0,29860.0,18452.0,31676.0,13.5
676,39704.0,34024.0,16884.0,28076.0,13.52
677,38696.0,37804.0,19200.0,25176.0,13.54
678,37856.0,41344.0,35368.0,29176.0,13.56
679,38104.0,44352.0,35600.0,29632.0,13.58
680,39168.0,47064.0,32480.0,29428.0,13.6
681,39240.0,48376.0,31788.0,25120.0,13.62
682,37936.0,44152.0,33592.0,29936.0,13.64
683,35320.0,38124.0,32352.0,29404.0,13.66
684,33224.0,36324.0,31244.0,30768.0,13.68
685,33984.0,40336.0,30034.0,32988.0,13.7
686,34676.0,36944.0,28600.0,34880.0,13.72
687,32340.0,31900.0,27672.0,37584.0,13.74
688,28028.0,27740.0,27244.0,42088.0,13.76
689,24480.0,26536.0,28376.0,45152.0,13.78
690,22424.0,28224.0,26036.0,44256.0,13.8
691,22152.0,31556.0,26848.0,44528.0,13.82
692,23720.0,34800.0,26444.0,42100.0,13.84
693,26520.0,36836.0,26824.0,39920.0,13.86
694,29064.0,37944.0,26444.0,39012.0,13.88
695,30712.0,38720.0,25452.0,35928.0,13.9
696,31528.0,40960.0,22037.0,44240.0,13.92
697,32160.0,41944.0,21316.0,28008.0,13.94
698,30892.0,39680.0,22536.0,29716.0,13.96
699,26936.0,35000.0,25548.0,31956.0,13.98
700,23748.0,30536.0,27224.0,30864.0,14.0
701,23368.0,30816.0,19696.0,35568.0,14.02
702,24872.0,32724.0,24024.0,32928.0,14.04
703,25948.0,34576.0,26444.0,33076.0,14.06
704,25000.0,35712.0,27376.0,33412.0,14.08
705,23192.0,34780.0,27456.0,32768.0,14.1
706,21616.0,31984.0,27484.0,33440.0,14.12
707,20424.0,27584.0,27748.0,33896.0,14.14
708,19680.0,23928.0,27200.0,33452.0,14.16
709,19300.0,21048.0,26564.0,33290.0,14.18
710,19384.0,18482.0,25972.0,32544.0,14.2
711,19908.0,16164.0,27024.0,33252.0,14.22
712,20560.0,14692.0,28032.0,34036.0,14.24
713,20380.0,15269.0,25744.0,33860.0,14.26
714,19464.0,17960.0,22450.0,32292.0,14.28
715,19200.0,21320.0,23516.0,32984.0,14.3
716,19604.0,24370.0,22172.0,33024.0,14.32
717,19432.0,25645.0,17821.0,27440.0,14.34
718,19184.0,26826.0,24332.0,32664.0,14.36
719,20304.0,31660.0,29456.0,33384.0,14.38
720,23440.0,35944.0,37488.0,28072.0,14.4
721,27408.0,38424.0,33920.0,27720.0,14.42
722,30052.0,40752.0,33164.0,26432.0,14.44
723,30544.0,42144.0,33760.0,29200.0,14.46
724,29640.0,40248.0,32896.0,31164.0,14.48
725,27892.0,38616.0,30288.0,30488.0,14.5
726,25672.0,42340.0,29040.0,31092.0,14.52
727,24132.0,40136.0,27520.0,33088.0,14.54
728,23280.0,34460.0,26188.0,34752.0,14.56
729,21892.0,29576.0,24496.0,37080.0,14.58
730,19672.0,25716.0,25936.0,40352.0,14.6
731,17584.0,22880.0,25576.0,40416.0,14.62
732,16152.0,22048.0,26664.0,39976.0,14.64
733,15345.0,21004.0,27232.0,40348.0,14.66
734,15948.0,18964.0,27248.0,41632.0,14.68
735,19386.0,16584.0,27168.0,39200.0,14.7
736,25008.0,14432.0,27832.0,38188.0,14.72
737,30200.0,12612.0,27584.0,38756.0,14.74
738,34784.0,11293.0,26024.0,34204.0,14.76
739,38432.0,11012.0,18316.0,37320.0,14.78
740,40408.0,10944.0,35180.0,37584.0,14.8
741,41352.0,10953.0,26760.0,31072.0,14.82
742,41252.0,10128.0,27072.0,33696.0,14.84
743,39952.0,8648.0,26252.0,33264.0,14.86
744,38216.0,7790.0,24788.0,31464.0,14.88
745,37896.0,7190.0,26416.0,31784.0,14.9
746,39616.0,9353.0,27040.0,33984.0,14.92
747,42560.0,11120.0,25904.0,32808.0,14.94
748,44932.0,11790.0,26124.0,32824.0,14.96
749,45188.0,11684.0,26952.0,32864.0,14.98
750,43200.0,13108.0,27321.0,32932.0,15.0
751,40940.0,15520.0,27476.0,32824.0,15.02
752,39400.0,17532.0,27130.0,32800.0,15.04
753,38684.0,18240.0,26964.0,32640.0,15.06
754,38656.0,18704.0,26560.0,33496.0,15.08
755,39216.0,18432.0,26416.0,32832.0,15.1
756,39920.0,17864.0,27652.0,34180.0,15.12
757,39232.0,16936.0,25312.0,33632.0,15.14
758,37420.0,16424.0,20616.0,33032.0,15.16
759,35400.0,16456.0,17688.0,29304.0,15.18
760,33848.0,17960.0,17216.0,29580.0,15.2
761,33376.0,19048.0,24060.0,27184.0,15.22
762,35508.0,17840.0,27936.0,30072.0,15.24
763,39616.0,23144.0,39472.0,30336.0,15.26
764,42656.0,28012.0,36736.0,25924.0,15.28
765,42896.0,30488.0,33904.0,24960.0,15.3
766,40772.0,32384.0,34864.0,29220.0,15.32
767,38708.0,31424.0,32816.0,30172.0,15.34
768,36320.0,31896.0,30824.0,30856.0,15.36
769,34392.0,34752.0,29136.0,33304.0,15.38
770,33324.0,33072.0,27188.0,33824.0,15.4
771,30920.0,29996.0,25068.0,36288.0,15.42
772,26928.0,27800.0,24860.0,38060.0,15.44
773,23512.0,26644.0,25436.0,39240.0,15.46
774,20760.0,27340.0,25548.0,40024.0,15.48
775,19260.0,29112.0,25976.0,41192.0,15.5
776,19432.0,30908.0,36372.0,39448.0,15.52
777,20317.0,32580.0,26140.0,39488.0,15.54
778,22608.0,34592.0,26836.0,39888.0,15.56
779,26680.0,37952.0,27274.0,39304.0,15.58
780,31612.0,41236.0,26884.0,38428.0,15.6
781,36112.0,44240.0,26624.0,33968.0,15.62
782,39872.0,46924.0,19348.0,41476.0,15.64
783,42368.0,49216.0,22168.0,32636.0,15.66
784,42604.0,49352.0,24860.0,31684.0,15.68
785,41236.0,47624.0,22352.0,30368.0,15.7
786,39624.0,46404.0,25820.0,32348.0,15.72
787,40520.0,47728.0,28804.0,32204.0,15.74
788,43056.0,48016.0,25060.0,33856.0,15.76
789,44908.0,48812.0,23320.0,30944.0,15.78
790,45920.0,49784.0,26620.0,34044.0,15.8
791,45856.0,49696.0,27680.0,33280.0,15.82
792,44880.0,48384.0,27612.0,33080.0,15.84
793,44096.0,47040.0,27276.0,33260.0,15.86
794,43376.0,47640.0,27104.0,33132.0,15.88
795,42580.0,48272.0,27080.0,33080.0,15.9
796,42312.0,45456.0,26892.0,32952.0,15.92
797,42340.0,40808.0,26664.0,32704.0,15.94
798,42732.0,35568.0,26880.0,33872.0,15.96
799,43000.0,30896.0,26360.0,33648.0,15.98
800,42468.0,27496.0,25204.0,32616.0,16.0
801,41952.0,25320.0,25716.0,32520.0,16.02
802,42136.0,24992.0,27052.0,34360.0,16.04
803,42364.0,28132.0,23356.0,34260.0,16.06
804,42224.0,33380.0,19100.0,31032.0,16.08
805,42124.0,37728.0,18136.0,28532.0,16.1
806,42656.0,41412.0,22677.0,31632.0,16.12
807,44960.0,44636.0,29128.0,33248.0,16.14
808,47648.0,47264.0,37916.0,27308.0,16.16
809,49740.0,49576.0,38592.0,26952.0,16.18
810,50368.0,50552.0,33608.0,25628.0,16.2
811,48480.0,48116.0,34452.0,28424.0,16.22
812,44504.0,45684.0,33200.0,29192.0,16.24
813,39232.0,45536.0,31396.0,30204.0,16.26
814,34272.0,44480.0,29980.0,31216.0,16.28
815,30124.0,39020.0,28884.0,32712.0,16.3
816,26348.0,33848.0,28032.0,34204.0,16.32
817,23072.0,29336.0,26992.0,34844.0,16.34
818,20272.0,25772.0,26064.0,37008.0,16.36
819,17964.0,22677.0,26542.0,40072.0,16.38
820,16224.0,19892.0,26312.0,45124.0,16.4
821,15076.0,17836.0,26644.0,44540.0,16.42
822,15478.0,18437.0,23696.0,41984.0,16.44
823,18084.0,22041.0,25872.0,42976.0,16.46
824,22164.0,23068.0,27314.0,42408.0,16.48
825,26920.0,20224.0,26252.0,38124.0,16.5
826,31720.0,17572.0,26256.0,30480.0,16.52
827,35764.0,16322.0,35264.0,34448.0,16.54
828,37432.0,14210.0,26656.0,33160.0,16.56
829,37320.0,12456.0,24560.0,33648.0,16.58
830,36316.0,10916.0,27168.0,33568.0,16.6
831,36120.0,9684.0,27884.0,33992.0,16.62
832,37960.0,9236.0,25968.0,28736.0,16.64
833,40088.0,9738.0,23508.0,31656.0,16.66
834,41760.0,8848.0,25296.0,32488.0,16.68
835,42512.0,7881.0,27276.0,33148.0,16.7
836,42676.0,7442.0,27508.0,33184.0,16.72
837,42808.0,8440.0,27408.0,33068.0,16.74
838,41840.0,8632.0,27444.0,33044.0,16.76
839,39536.0,7298.0,27260.0,32992.0,16.78
840,37336.0,6521.0,27336.0,32848.0,16.8
841,36128.0,5697.0,27180.0,32472.0,16.82
842,36388.0,5004.0,26672.0,32768.0,16.84
843,37672.0,4191.0,26176.0,33252.0,16.86
844,39136.0,4454.0,25532.0,32992.0,16.88
845,40616.0,5553.0,24616.0,32228.0,16.9
846,41824.0,7861.0,22280.0,32504.0,16.92
847,41804.0,12656.0,18204.0,31616.0,16.94
848,40136.0,18476.0,18052.0,25048.0,16.96
849,37616.0,23796.0,20530.0,24096.0,16.98
850,36728.0,27400.0,32372.0,27584.0,17.0
851,39712.0,32040.0,36768.0,32144.0,17.02
852,43220.0,36260.0,29228.0,27032.0,17.04
853,44384.0,39576.0,33872.0,27296.0,17.06
854,41952.0,39744.0,35240.0,30212.0,17.08
855,37664.0,35672.0,32436.0,31136.0,17.1
856,33556.0,30732.0,30036.0,31024.0,17.12
857,30076.0,28746.0,30608.0,33076.0,17.14
858,28356.0,26528.0,29272.0,35192.0,17.16
859,27668.0,23104.0,26544.0,36060.0,17.18
860,25908.0,20424.0,25992.0,34356.0,17.2
861,22688.0,19448.0,25280.0,35792.0,17.22
862,19905.0,20028.0,24524.0,35248.0,17.24
863,18314.0,22586.0,23698.0,37600.0,17.26
864,19908.0,26616.0,24888.0,38488.0,17.28
865,24452.0,30956.0,23340.0,37328.0,17.3
866,29832.0,35288.0,25412.0,39504.0,17.32
867,34560.0,38544.0,26392.0,40372.0,17.34
868,38568.0,40608.0,27500.0,39548.0,17.36
869,41928.0,41904.0,30104.0,40576.0,17.38
870,44816.0,42560.0,24376.0,35240.0,17.4
871,47080.0,43136.0,27208.0,35120.0,17.42
872,47640.0,42572.0,22512.0,32544.0,17.44
873,45080.0,38264.0,26696.0,34656.0,17.46
874,40332.0,32952.0,26584.0,32464.0,17.48
875,35616.0,28456.0,25376.0,25724.0,17.5
876,32672.0,25396.0,29636.0,25916.0,17.52
877,32876.0,23016.0,26040.0,33756.0,17.54
878,35268.0,20236.0,26860.0,33472.0,17.56
879,38112.0,18258.0,26808.0,32864.0,17.58
880,40520.0,16050.0,27016.0,33360.0,17.6
881,41152.0,13848.0,27312.0,33548.0,17.62
882,40296.0,12853.0,27080.0,33656.0,17.64
883,40432.0,12468.0,27752.0,33908.0,17.66
884,42288.0,13212.0,27664.0,34272.0,17.68
885,44416.0,15121.0,27464.0,34140.0,17.7
886,45416.0,16980.0,27800.0,34064.0,17.72
887,44652.0,16616.0,27640.0,34108.0,17.74
888,43048.0,13977.0,27492.0,34104.0,17.76
889,41408.0,12104.0,26212.0,33752.0,17.78
890,39768.0,10748.0,25456.0,33680.0,17.8
891,37544.0,10694.0,24780.0,33560.0,17.82
892,34904.0,11788.0,23024.0,32756.0,17.84
893,32752.0,13772.0,20536.0,30836.0,17.86
894,32288.0,15908.0,20184.0,30688.0,17.88
895,34008.0,20154.0,22224.0,33520.0,17.9
896,37288.0,26104.0,23736.0,36264.0,17.92
897,41084.0,28608.0,28816.0,28336.0,17.94
898,44080.0,30436.0,30384.0,30864.0,17.96
899,45224.0,32608.0,29040.0,28068.0,17.98
900,44048.0,34824.0,30608.0,29388.0,18.0
901,41472.0,36312.0,30680.0,30956.0,18.02
902,38368.0,36768.0,29296.0,31052.0,18.04
903,35464.0,37528.0,27866.0,31264.0,18.06
904,33132.0,38968.0,27484.0,31996.0,18.08
905,31296.0,41888.0,26260.0,32288.0,18.1
906,29496.0,44896.0,25212.0,32868.0,18.12
907,27528.0,47464.0,25832.0,33728.0,18.14
908,25520.0,49680.0,25184.0,33544.0,18.16
909,23744.0,51548.0,24404.0,33092.0,18.18
910,22356.0,53312.0,24084.0,33360.0,18.2
911,20914.0,54768.0,23648.0,33376.0,18.22
912,19232.0,56112.0,23016.0,33784.0,18.24
913,17424.0,57160.0,23136.0,36216.0,18.26
914,15720.0,58304.0,23300.0,37600.0,18.28
915,14320.0,59184.0,23320.0,40272.0,18.3
916,13044.0,59996.0,25128.0,44456.0,18.32
917,12136.0,60424.0,27436.0,43288.0,18.34
918,11770.0,59072.0,25664.0,40112.0,18.36
919,11145.0,57080.0,26948.0,33236.0,18.38
920,10022.0,55736.0,27752.0,25404.0,18.4
921,8856.0,54064.0,23828.0,34788.0,18.42
922,7837.0,50524.0,26812.0,41664.0,18.44
923,7080.0,44144.0,27240.0,35792.0,18.46
924,8400.0,38432.0,27468.0,34572.0,18.48
925,12042.0,33556.0,27424.0,33880.0,18.5
926,16080.0,31452.0,27512.0,33192.0,18.52
927,19248.0,33664.0,27344.0,32940.0,18.54
928,20658.0,37580.0,27320.0,33028.0,18.56
929,20960.0,40600.0,27396.0,32924.0,18.58
930,21949.0,41480.0,27428.0,33012.0,18.6
931,24312.0,41276.0,27484.0,33172.0,18.62
932,27600.0,41744.0,27420.0,33088.0,18.64
933,31064.0,43416.0,27424.0,33052.0,18.66
934,34152.0,45608.0,27356.0,32904.0,18.68
935,36512.0,47832.0,27316.0,32860.0,18.7
936,37900.0,50188.0,27124.0,32872.0,18.72
937,38860.0,52104.0,27284.0,33128.0,18.74
938,40308.0,53800.0,27164.0,33148.0,18.76
939,41556.0,55224.0,27000.0,33068.0,18.78
940,41476.0,56480.0,26760.0,33332.0,18.8
941,40656.0,57464.0,26308.0,33552.0,18.82
942,39276.0,58736.0,25476.0,32960.0,18.84
943,37848.0,59560.0,24528.0,32812.0,18.86
944,37004.0,60012.0,22516.0,32352.0,18.88
945,36576.0,57376.0,19972.0,30488.0,18.9
946,37144.0,51320.0,19264.0,27968.0,18.92
947,39192.0,51128.0,25960.0,33372.0,18.94
948,42288.0,53328.0,26616.0,37408.0,18.96
949,45120.0,48928.0,30504.0,33344.0,18.98
950,47528.0,42432.0,31336.0,28936.0,19.0
951,49536.0,38036.0,31336.0,29976.0,19.02
952,50116.0,36916.0,31736.0,30484.0,19.04
953,48628.0,37440.0,32284.0,31288.0,19.06
954,45760.0,37272.0,31208.0,31912.0,19.08
955,42448.0,36152.0,30268.0,31776.0,19.1
956,39152.0,34272.0,30024.0,32024.0,19.12
957,35780.0,32508.0,29516.0,32272.0,19.14
958,32748.0,31236.0,28476.0,32716.0,19.16
959,30124.0,30824.0,29048.0,34608.0,19.18
960,27156.0,30804.0,28880.0,36452.0,19.2
961,23886.0,30324.0,28052.0,37704.0,19.22
962,21000.0,30112.0,27616.0,39316.0,19.24
963,18482.0,30768.0,27728.0,42424.0,19.26
964,16290.0,31456.0,29260.0,41092.0,19.28
965,14560.0,32772.0,29680.0,39600.0,19.3
966,13520.0,33804.0,30136.0,39400.0,19.32
967,13128.0,32780.0,29016.0,38384.0,19.34
968,13993.0,32184.0,27456.0,38200.0,19.36
969,16880.0,34112.0,27392.0,39400.0,19.38
970,21396.0,36200.0,26936.0,35008.0,19.4
971,26164.0,35884.0,19676.0,36252.0,19.42
972,30600.0,36608.0,26176.0,37440.0,19.44
973,34068.0,39200.0,23300.0,28784.0,19.46
974,35432.0,42200.0,26500.0,30644.0,19.48
975,35148.0,41484.0,24312.0,31792.0,19.5
976,34464.0,37380.0,31092.0,30768.0,19.52
977,33704.0,34168.0,19592.0,30660.0,19.54
978,33956.0,30172.0,25416.0,32264.0,19.56
979,34648.0,26600.0,27904.0,34228.0,19.58
980,35408.0,24360.0,27808.0,33280.0,19.6
981,35532.0,23168.0,27744.0,33664.0,19.62
982,34504.0,21884.0,27280.0,33660.0,19.64
983,31112.0,20164.0,27268.0,33336.0,19.66
984,26848.0,17984.0,27092.0,33204.0,19.68
985,23568.0,15764.0,27272.0,33528.0,19.7
986,21960.0,14016.0,27068.0,32464.0,19.72
987,21740.0,12988.0,27112.0,33780.0,19.74
988,22448.0,13318.0,26424.0,34024.0,19.76
989,23668.0,13824.0,24816.0,33368.0,19.78
990,25536.0,13080.0,25528.0,32664.0,19.8
991,28168.0,11429.0,25936.0,34184.0,19.82
992,30912.0,10808.0,22792.0,33704.0,19.84
993,32444.0,13536.0,18488.0,30904.0,19.86
994,32384.0,17988.0,19220.0,30076.0,19.88
995,31944.0,20992.0,22244.0,28284.0,19.9
996,33088.0,22404.0,28940.0,33244.0,19.92
997,36072.0,26464.0,36880.0,28952.0,19.94
998,38988.0,31476.0,35808.0,26836.0,19.96
999,40784.0,35912.0,33820.0,27144.0,19.98
1000,40804.0,38548.0,33676.0,29072.0,20.0
1001,39160.0,38016.0,33656.0,29884.0,20.02
1002,37120.0,38204.0,31944.0,30380.0,20.04
1003,36260.0,36640.0,30160.0,31352.0,20.06
1004,36600.0,31556.0,28760.0,33196.0,20.08
1005,35900.0,27248.0,27808.0,34128.0,20.1
1006,32776.0,23692.0,27080.0,34160.0,20.12
1007,28388.0,20956.0,26188.0,35440.0,20.14
1008,24860.0,18652.0,25660.0,39140.0,20.16
1009,23204.0,17580.0,25368.0,40568.0,20.18
1010,23612.0,18672.0,25906.0,41848.0,20.2
1011,25792.0,19600.0,26392.0,42232.0,20.22
1012,28832.0,18784.0,27396.0,42960.0,20.24
1013,31584.0,17256.0,27172.0,40956.0,20.26
1014,34120.0,17472.0,27928.0,40860.0,20.28
1015,36928.0,18968.0,27376.0,38072.0,20.3
1016,39988.0,20056.0,19868.0,45008.0,20.32
1017,42344.0,20708.0,28340.0,29504.0,20.34
1018,42740.0,20928.0,24928.0,31478.0,20.36
1019,41768.0,20956.0,24560.0,32332.0,20.38
1020,40480.0,21060.0,24700.0,32264.0,20.4
1021,39432.0,23572.0,24684.0,31416.0,20.42
1022,38856.0,27564.0,23276.0,34428.0,20.44
1023,37788.0,31104.0,23400.0,31304.0,20.46
1024,36024.0,33484.0,26276.0,33660.0,20.48
1025,34768.0,35032.0,27304.0,33200.0,20.5
1026,34712.0,35688.0,27444.0,32920.0,20.52
1027,35488.0,35596.0,27320.0,32984.0,20.54
1028,35800.0,36308.0,27048.0,33248.0,20.56
1029,35248.0,36424.0,26920.0,33080.0,20.58
1030,34344.0,33696.0,26776.0,33256.0,20.6
1031,34296.0,29104.0,26004.0,32668.0,20.62
1032,35360.0,25216.0,26944.0,32408.0,20.64
1033,36816.0,23329.0,28428.0,34784.0,20.66
1034,37824.0,24136.0,27232.0,34520.0,20.68
1035,37724.0,28248.0,23940.0,33624.0,20.7
1036,37016.0,33352.0,19504.0,31620.0,20.72
1037,36968.0,37720.0,19476.0,28096.0,20.74
1038,37168.0,41320.0,21856.0,30816.0,20.76
1039,37356.0,44044.0,23200.0,24412.0,20.78
1040,38520.0,46872.0,34068.0,29732.0,20.8
1041,40624.0,48856.0,32360.0,27108.0,20.82
1042,42900.0,49440.0,30920.0,29344.0,20.84
1043,43800.0,45472.0,32400.0,27232.0,20.86
1044,43208.0,41888.0,33748.0,29224.0,20.88
1045,41664.0,37716.0,32332.0,30412.0,20.9
1046,40080.0,36720.0,30280.0,31276.0,20.92
1047,39128.0,37720.0,29300.0,32844.0,20.94
1048,38728.0,33316.0,28576.0,34372.0,20.96
1049,37572.0,28956.0,27272.0,35900.0,20.98
1050,35068.0,25288.0,25824.0,38472.0,21.0
1051,31556.0,22432.0,25792.0,41976.0,21.02
1052,28312.0,19744.0,26372.0,44368.0,21.04
1053,26036.0,17360.0,26176.0,42488.0,21.06
1054,24832.0,15418.0,26148.0,41152.0,21.08
1055,25100.0,14754.0,26120.0,42912.0,21.1
1056,26632.0,15152.0,25644.0,41424.0,21.12
1057,28440.0,15244.0,28832.0,40624.0,21.14
1058,29856.0,13320.0,24096.0,31104.0,21.16
1059,30440.0,11730.0,36304.0,30004.0,21.18
1060,31036.0,10420.0,27452.0,31768.0,21.2
1061,32352.0,9131.0,25840.0,30984.0,21.22
1062,33200.0,8130.0,24120.0,30816.0,21.24
1063,33072.0,6912.0,25860.0,31936.0,21.26
1064,32592.0,6228.0,28020.0,32872.0,21.28
1065,31980.0,5474.0,23844.0,34704.0,21.3
1066,31536.0,7388.0,24368.0,32524.0,21.32
1067,31604.0,10456.0,26560.0,33160.0,21.34
1068,32048.0,12358.0,27392.0,33304.0,21.36
1069,32048.0,13153.0,27440.0,33284.0,21.38
1070,31660.0,12976.0,27324.0,32904.0,21.4
1071,31320.0,12736.0,27136.0,32960.0,21.42
1072,30912.0,10968.0,27100.0,32880.0,21.44
1073,30540.0,9332.0,26868.0,32508.0,21.46
1074,30320.0,7998.0,26664.0,32616.0,21.48
1075,30028.0,6796.0,27072.0,33380.0,21.5
1076,29760.0,5851.0,26256.0,33800.0,21.52
1077,30112.0,5042.0,25656.0,32208.0,21.54
1078,31360.0,4252.0,26936.0,34228.0,21.56
1079,32488.0,4414.0,26810.0,34328.0,21.58
1080,33152.0,6316.0,21776.0,33560.0,21.6
1081,32706.0,10476.0,18140.0,29792.0,21.62
1082,31100.0,14664.0,18312.0,28264.0,21.64
1083,30788.0,17182.0,24496.0,30656.0,21.66
1084,33152.0,21276.0,31904.0,33664.0,21.68
1085,37252.0,26996.0,33764.0,29136.0,21.7
1086,40624.0,31688.0,34272.0,29200.0,21.72
1087,42136.0,35304.0,32308.0,29484.0,21.74
1088,42088.0,36712.0,33444.0,28652.0,21.76
1089,41120.0,34968.0,34408.0,29840.0,21.78
1090,38864.0,34744.0,32752.0,30268.0,21.8
1091,36964.0,36192.0,30681.0,30932.0,21.82
1092,37212.0,32952.0,29232.0,32648.0,21.84
1093,37512.0,28724.0,28176.0,34152.0,21.86
1094,35464.0,26016.0,27616.0,35044.0,21.88
1095,31004.0,25312.0,26240.0,35616.0,21.9
1096,26996.0,25104.0,25984.0,37540.0,21.92
1097,25120.0,25168.0,26584.0,39544.0,21.94
1098,25696.0,25216.0,25512.0,41720.0,21.96
1099,27784.0,25088.0,25888.0,41216.0,21.98
1100,29608.0,25812.0,27396.0,41552.0,22.0
1101,31852.0,27536.0,27976.0,40992.0,22.02
1102,34684.0,28920.0,29024.0,40840.0,22.04
1103,38032.0,29476.0,27792.0,39496.0,22.06
1104,41528.0,29520.0,21672.0,33484.0,22.08
1105,44260.0,30144.0,26336.0,37696.0,22.1
1106,45824.0,31744.0,22308.0,29004.0,22.12
1107,46048.0,32488.0,26578.0,32992.0,22.14
1108,44764.0,30584.0,25516.0,29344.0,22.16
1109,43616.0,26436.0,27056.0,31204.0,22.18
1110,44340.0,25060.0,22776.0,35344.0,22.2
1111,46288.0,26344.0,23200.0,32208.0,22.22
1112,47960.0,29008.0,26984.0,33328.0,22.24
1113,49408.0,32640.0,27140.0,33216.0,22.26
1114,50760.0,35784.0,26972.0,32968.0,22.28
1115,51176.0,38408.0,27224.0,33164.0,22.3
1116,49648.0,41712.0,27080.0,33056.0,22.32
1117,47012.0,42720.0,26552.0,32572.0,22.34
1118,45456.0,41480.0,27752.0,33536.0,22.36
1119,45964.0,39376.0,27452.0,33192.0,22.38
1120,47280.0,37648.0,27364.0,33480.0,22.4
1121,48504.0,37080.0,28108.0,34748.0,22.42
1122,49048.0,38308.0,26376.0,34360.0,22.44
1123,48224.0,41588.0,23488.0,32192.0,22.46
1124,47924.0,44668.0,23516.0,33296.0,22.48
1125,49200.0,47168.0,20204.0,32704.0,22.5
1126,50272.0,49432.0,17768.0,27912.0,22.52
1127,50600.0,51072.0,20584.0,31528.0,22.54
1128,51400.0,52784.0,25744.0,34456.0,22.56
1129,53040.0,54208.0,37048.0,32408.0,22.58
1130,54368.0,55520.0,37704.0,27504.0,22.6
1131,54148.0,54824.0,32328.0,28416.0,22.62
1132,51880.0,51232.0,34212.0,28828.0,22.64
1133,49616.0,45856.0,33504.0,29856.0,22.66
1134,48216.0,40288.0,31764.0,30592.0,22.68
1135,47620.0,38872.0,30528.0,31828.0,22.7
1136,47224.0,38488.0,29064.0,32556.0,22.72
1137,46736.0,34868.0,28064.0,33248.0,22.74
1138,45136.0,30340.0,27236.0,36040.0,22.76
1139,41912.0,26392.0,26060.0,35680.0,22.78
1140,37952.0,23248.0,24424.0,38676.0,22.8
1141,34420.0,22338.0,25668.0,41492.0,22.82
1142,32304.0,23976.0,26456.0,41544.0,22.84
1143,31664.0,25952.0,26292.0,41984.0,22.86
1144,31960.0,27264.0,27200.0,43180.0,22.88
1145,33368.0,29000.0,27072.0,39448.0,22.9
1146,35796.0,30732.0,28432.0,39648.0,22.92
1147,39224.0,31636.0,28440.0,39488.0,22.94
1148,42656.0,32688.0,21888.0,29328.0,22.96
1149,45280.0,34504.0,31064.0,32416.0,22.98
1150,45664.0,36140.0,24281.0,32088.0,23.0
1151,43788.0,36984.0,26320.0,33840.0,23.02
1152,41088.0,35800.0,23312.0,30140.0,23.04
1153,38328.0,32428.0,27644.0,30992.0,23.06
1154,36144.0,30136.0,19905.0,29456.0,23.08
1155,34748.0,29768.0,26036.0,34140.0,23.1
1156,33856.0,31744.0,26988.0,32944.0,23.12
1157,33300.0,34632.0,26764.0,33012.0,23.14
1158,32960.0,33376.0,27064.0,33628.0,23.16
1159,31864.0,29176.0,27340.0,33556.0,23.18
1160,29316.0,26392.0,27698.0,33588.0,23.2
1161,26056.0,25976.0,27476.0,33660.0,23.22
1162,24376.0,26256.0,27268.0,33388.0,23.24
1163,26000.0,25632.0,27240.0,33680.0,23.26
1164,28720.0,25056.0,26992.0,33648.0,23.28
1165,30368.0,22468.0,26368.0,33696.0,23.3
1166,30288.0,19576.0,25868.0,33424.0,23.32
1167,28704.0,17060.0,24860.0,33684.0,23.34
1168,27256.0,14932.0,23452.0,33096.0,23.36
1169,26960.0,13120.0,20900.0,31364.0,23.38
1170,27736.0,11608.0,21636.0,29448.0,23.4
1171,29176.0,10112.0,21496.0,29608.0,23.42
1172,32080.0,9800.0,25984.0,31520.0,23.44
1173,36360.0,16312.0,30412.0,35672.0,23.46
1174,40136.0,22188.0,32000.0,25920.0,23.48
1175,42296.0,25784.0,30648.0,29104.0,23.5
1176,43192.0,27532.0,33700.0,29560.0,23.52
1177,42092.0,28468.0,32988.0,30752.0,23.54
1178,38836.0,30456.0,30768.0,31056.0,23.56
1179,36144.0,34304.0,28764.0,31360.0,23.58
1180,34336.0,37404.0,26996.0,32008.0,23.6
1181,32192.0,38852.0,25260.0,32524.0,23.62
1182,29088.0,40684.0,24128.0,32100.0,23.64
1183,25344.0,42376.0,23252.0,32216.0,23.66
1184,22180.0,44512.0,22088.0,32172.0,23.68
1185,19512.0,45744.0,21772.0,32168.0,23.7
1186,17224.0,46872.0,21364.0,32784.0,23.72
1187,16572.0,46964.0,21788.0,33752.0,23.74
1188,19436.0,47792.0,21852.0,34496.0,23.76
1189,25004.0,49744.0,22568.0,35480.0,23.78
1190,30244.0,51184.0,24216.0,37908.0,23.8
1191,34868.0,49856.0,23968.0,38420.0,23.82
1192,38560.0,47692.0,26340.0,39808.0,23.84
1193,40532.0,45600.0,27336.0,40304.0,23.86
1194,40812.0,45716.0,25580.0,39708.0,23.88
1195,39888.0,47624.0,27240.0,38608.0,23.9
1196,38104.0,50512.0,33120.0,35200.0,23.92
1197,36144.0,52536.0,23072.0,26752.0,23.94
1198,33928.0,53184.0,22092.0,35868.0,23.96
1199,31016.0,47080.0,23728.0,37620.0,23.98
1200,29408.0,40560.0,28248.0,32264.0,24.0
1201,31172.0,36962.0,27372.0,33112.0,24.02
1202,34536.0,39472.0,27344.0,33232.0,24.04
1203,38644.0,43152.0,27548.0,33028.0,24.06
1204,41992.0,46456.0,27424.0,32960.0,24.08
1205,43612.0,47616.0,27384.0,32808.0,24.1
1206,44244.0,47456.0,27424.0,32784.0,24.12
1207,45248.0,47456.0,27560.0,33024.0,24.14
1208,46856.0,48144.0,27508.0,33004.0,24.16
1209,48440.0,49016.0,27588.0,33024.0,24.18
1210,49576.0,48736.0,27524.0,32928.0,24.2
1211,50248.0,47908.0,27290.0,32676.0,24.22
1212,50684.0,47984.0,27232.0,32848.0,24.24
1213,50780.0,49492.0,27248.0,33020.0,24.26
1214,50392.0,51424.0,27208.0,33216.0,24.28
1215,49488.0,53428.0,27268.0,33040.0,24.3
1216,48576.0,54936.0,27216.0,33160.0,24.32
1217,47912.0,55688.0,27160.0,33304.0,24.34
1218,47228.0,54720.0,26840.0,33416.0,24.36
1219,46592.0,52420.0,26428.0,33228.0,24.38
1220,46164.0,49712.0,26832.0,33704.0,24.4
1221,46280.0,47448.0,26784.0,33916.0,24.42
1222,46944.0,47060.0,26328.0,33428.0,24.44
1223,47212.0,47416.0,26480.0,33664.0,24.46
1224,46376.0,48864.0,25544.0,33608.0,24.48
1225,45472.0,51340.0,24728.0,32820.0,24.5
1226,45352.0,53200.0,22381.0,31776.0,24.52
1227,46616.0,55080.0,21176.0,30500.0,24.54
1228,48976.0,55592.0,21284.0,33616.0,24.56
1229,51240.0,48728.0,23676.0,35216.0,24.58
1230,52972.0,42224.0,24000.0,33076.0,24.6
1231,54416.0,36948.0,27756.0,28756.0,24.62
1232,54568.0,32368.0,26632.0,33304.0,24.64
1233,52380.0,28256.0,28164.0,29060.0,24.66
1234,48296.0,24624.0,30624.0,30116.0,24.68
1235,43720.0,21556.0,31096.0,31136.0,24.7
1236,39864.0,19776.0,30720.0,31184.0,24.72
1237,37424.0,19308.0,29796.0,30996.0,24.74
1238,36362.0,19920.0,29056.0,31176.0,24.76
1239,35696.0,20956.0,27992.0,31488.0,24.78
1240,34652.0,21748.0,27424.0,31812.0,24.8
1241,32920.0,21892.0,27696.0,33440.0,24.82
1242,30504.0,23572.0,27272.0,34496.0,24.84
1243,27764.0,26346.0,27040.0,36272.0,24.86
1244,25040.0,28408.0,27344.0,39480.0,24.88
1245,22072.0,28696.0,27424.0,40752.0,24.9
1246,19560.0,28696.0,28880.0,41880.0,24.92
1247,17992.0,28248.0,29288.0,42408.0,24.94
1248,16522.0,28876.0,29976.0,42320.0,24.96
1249,15189.0,31064.0,29408.0,41860.0,24.98
1250,14465.0,33300.0,28784.0,40760.0,25.0
1251,14436.0,36200.0,28040.0,39872.0,25.02
1252,15300.0,40176.0,27024.0,39376.0,25.04
1253,16466.0,43492.0,25604.0,36228.0,25.06
1254,17281.0,46152.0,24476.0,34324.0,25.08
1255,17180.0,48112.0,25604.0,35664.0,25.1
1256,15768.0,50536.0,29964.0,41664.0,25.12
1257,13712.0,52000.0,25472.0,40676.0,25.14
1258,12086.0,53448.0,27916.0,31060.0,25.16
1259,10677.0,53680.0,24572.0,29696.0,25.18
1260,9856.0,50088.0,30300.0,32336.0,25.2
1261,11845.0,47184.0,23186.0,31624.0,25.22
1262,15920.0,45000.0,26240.0,31656.0,25.24
1263,19714.0,44952.0,28376.0,34000.0,25.26
1264,22360.0,47464.0,27664.0,33148.0,25.28
1265,22852.0,49648.0,27544.0,33456.0,25.3
1266,20504.0,50208.0,27260.0,33384.0,25.32
1267,17666.0,51832.0,27080.0,33032.0,25.34
1268,15890.0,50432.0,27284.0,33052.0,25.36
1269,16472.0,45480.0,27456.0,33236.0,25.38
1270,18612.0,40040.0,27404.0,33164.0,25.4
1271,21152.0,34944.0,27184.0,33028.0,25.42
1272,23192.0,30336.0,26928.0,32960.0,25.44
1273,24012.0,26476.0,26960.0,32764.0,25.46
1274,24064.0,23144.0,26968.0,33272.0,25.48
1275,24384.0,20320.0,26424.0,33048.0,25.5
1276,25248.0,17844.0,27040.0,33676.0,25.52
1277,26416.0,15960.0,26856.0,33448.0,25.54
1278,27848.0,15764.0,25796.0,33960.0,25.56
1279,29476.0,17292.0,23948.0,32548.0,25.58
1280,31388.0,19796.0,23792.0,33424.0,25.6
1281,33440.0,22268.0,20580.0,32872.0,25.62
1282,35172.0,24568.0,17396.0,28360.0,25.64
1283,36976.0,25752.0,20752.0,31100.0,25.66
1284,40112.0,27760.0,26316.0,36500.0,25.68
1285,43192.0,31340.0,32152.0,31776.0,25.7
1286,45656.0,35660.0,32856.0,33972.0,25.72
1287,46184.0,37228.0,34776.0,30124.0,25.74
1288,43776.0,37996.0,34048.0,28168.0,25.76
1289,41080.0,38984.0,33648.0,30000.0,25.78
1290,40032.0,38536.0,32628.0,30224.0,25.8
1291,39744.0,38348.0,31624.0,30340.0,25.82
1292,39456.0,37496.0,30860.0,31524.0,25.84
1293,38944.0,35204.0,30040.0,31848.0,25.86
1294,36668.0,31916.0,28362.0,33696.0,25.88
1295,32180.0,28804.0,27848.0,34864.0,25.9
1296,27980.0,26340.0,27258.0,34960.0,25.92
1297,24768.0,24128.0,26144.0,36808.0,25.94
1298,23260.0,22512.0,25116.0,38820.0,25.96
1299,23196.0,21796.0,24416.0,39472.0,25.98
1300,24220.0,21200.0,25476.0,39756.0,26.0
1301,26436.0,20688.0,27492.0,39944.0,26.02
1302,29632.0,19936.0,26924.0,39208.0,26.04
1303,33620.0,18056.0,26032.0,37764.0,26.06
1304,37824.0,15912.0,28360.0,39952.0,26.08
1305,41216.0,13976.0,26688.0,38640.0,26.1
1306,44096.0,12297.0,25858.0,37212.0,26.12
1307,46700.0,10884.0,30976.0,30532.0,26.14
1308,48676.0,9308.0,28300.0,31128.0,26.16
1309,49184.0,8384.0,24884.0,32532.0,26.18
1310,47776.0,7433.0,27184.0,34332.0,26.2
1311,45120.0,7164.0,26960.0,33208.0,26.22
1312,43232.0,7980.0,27408.0,33588.0,26.24
1313,43504.0,10440.0,24660.0,30408.0,26.26
1314,45272.0,13260.0,20996.0,36068.0,26.28
1315,46384.0,14692.0,23800.0,31624.0,26.3
1316,45684.0,13776.0,25936.0,33104.0,26.32
1317,43464.0,13868.0,27296.0,32968.0,26.34
1318,41644.0,15988.0,27240.0,32536.0,26.36
1319,41716.0,19236.0,26884.0,32664.0,26.38
1320,42640.0,21712.0,26604.0,33052.0,26.4
1321,42944.0,21584.0,26024.0,32684.0,26.42
1322,42792.0,18928.0,26472.0,32488.0,26.44
1323,42788.0,16152.0,28472.0,33908.0,26.46
1324,43796.0,13809.0,28098.0,34084.0,26.48
1325,45200.0,12248.0,26840.0,33376.0,26.5
1326,46384.0,11784.0,26848.0,33696.0,26.52
1327,45944.0,10240.0,26868.0,34756.0,26.54
1328,44848.0,9584.0,23400.0,33144.0,26.56
1329,45952.0,10982.0,19812.0,31592.0,26.58
1330,48624.0,12746.0,21664.0,31664.0,26.6
1331,50760.0,15068.0,22144.0,29288.0,26.62
1332,52312.0,16777.0,26392.0,28736.0,26.64
1333,53160.0,21444.0,37548.0,30272.0,26.66
1334,52896.0,27384.0,37768.0,23208.0,26.68
1335,51064.0,31984.0,31568.0,28160.0,26.7
1336,48076.0,36312.0,32312.0,27896.0,26.72
1337,45016.0,38936.0,32832.0,30060.0,26.74
1338,43088.0,39016.0,30812.0,30636.0,26.76
1339,42336.0,40560.0,29204.0,31832.0,26.78
1340,40792.0,43624.0,28924.0,34664.0,26.8
1341,38832.0,43528.0,27792.0,35816.0,26.82
1342,36768.0,37344.0,26448.0,36448.0,26.84
1343,32528.0,32312.0,26004.0,39140.0,26.86
1344,28408.0,28972.0,26528.0,41056.0,26.88
1345,25124.0,29536.0,25752.0,41048.0,26.9
1346,24324.0,32172.0,25608.0,41176.0,26.92
1347,27032.0,33756.0,27024.0,40052.0,26.94
1348,32008.0,34544.0,26160.0,39660.0,26.96
1349,36604.0,35632.0,26920.0,39784.0,26.98
1350,40312.0,37208.0,26868.0,38004.0,27.0
1351,43172.0,38736.0,27232.0,37416.0,27.02
1352,44168.0,39968.0,17570.0,39192.0,27.04
1353,42440.0,40608.0,23860.0,31080.0,27.06
1354,38524.0,40560.0,26156.0,32200.0,27.08
1355,34680.0,40168.0,24632.0,31780.0,27.1
1356,32428.0,38760.0,25028.0,31796.0,27.12
1357,32616.0,38428.0,26576.0,32440.0,27.14
1358,34472.0,38820.0,29824.0,31936.0,27.16
1359,36500.0,39272.0,26348.0,32672.0,27.18
1360,37408.0,39952.0,25076.0,31472.0,27.2
1361,36704.0,41220.0,26644.0,33008.0,27.22
1362,34632.0,42264.0,27304.0,33036.0,27.24
1363,33156.0,42240.0,27448.0,32108.0,27.26
1364,33592.0,41656.0,27148.0,33208.0,27.28
1365,34820.0,40384.0,27052.0,32984.0,27.3
1366,35360.0,37840.0,26652.0,32760.0,27.32
1367,34688.0,35080.0,26524.0,32684.0,27.34
1368,33608.0,32128.0,26728.0,32816.0,27.36
1369,33456.0,29881.0,27608.0,33552.0,27.38
1370,34548.0,29080.0,26528.0,33724.0,27.4
1371,36416.0,30036.0,26224.0,33612.0,27.42
1372,38384.0,32368.0,24876.0,32892.0,27.44
1373,39664.0,36040.0,24624.0,33452.0,27.46
1374,39592.0,40216.0,21484.0,32824.0,27.48
1375,37912.0,43432.0,20316.0,29972.0,27.5
1376,35680.0,46128.0,21920.0,29396.0,27.52
1377,34824.0,48332.0,25136.0,27228.0,27.54
1378,35556.0,50520.0,35632.0,32252.0,27.56
1379,35864.0,52288.0,31792.0,27356.0,27.58
1380,34928.0,52720.0,30212.0,29712.0,27.6
1381,33152.0,50152.0,32200.0,27904.0,27.62
1382,30660.0,47284.0,33328.0,29868.0,27.64
1383,28084.0,45948.0,32432.0,30292.0,27.66
1384,26048.0,47144.0,30664.0,31028.0,27.68
1385,25312.0,44512.0,28980.0,33432.0,27.7
1386,25300.0,38560.0,28616.0,34288.0,27.72
1387,24408.0,33400.0,27004.0,35312.0,27.74
1388,22274.0,29844.0,25988.0,37096.0,27.76
1389,19632.0,28344.0,25348.0,39496.0,27.78
1390,17496.0,27476.0,25680.0,40732.0,27.8
1391,16884.0,26140.0,25564.0,40352.0,27.82
1392,18522.0,25508.0,26320.0,39000.0,27.84
1393,21820.0,24840.0,26732.0,38784.0,27.86
1394,25552.0,23056.0,26088.0,37816.0,27.88
1395,28384.0,21096.0,25962.0,37768.0,27.9
1396,29768.0,19428.0,26720.0,38520.0,27.92
1397,30304.0,18074.0,27820.0,37208.0,27.94
1398,30416.0,17204.0,21580.0,40152.0,27.96
1399,30464.0,17432.0,28996.0,29784.0,27.98
1400,30364.0,16714.0,25992.0,32252.0,28.0
1401,29532.0,14936.0,25728.0,32412.0,28.02
1402,28656.0,13277.0,25340.0,32288.0,28.04
1403,28992.0,12320.0,29632.0,32900.0,28.06
1404,29600.0,12660.0,22104.0,34628.0,28.08
1405,29104.0,14112.0,24068.0,30376.0,28.1
1406,27832.0,15388.0,26684.0,33836.0,28.12
1407,27124.0,16704.0,27436.0,32804.0,28.14
1408,27634.0,16652.0,27656.0,32984.0,28.16
1409,28832.0,15268.0,27400.0,33268.0,28.18
1410,29960.0,13022.0,27020.0,32800.0,28.2
1411,30792.0,11236.0,27004.0,32360.0,28.22
1412,32496.0,9792.0,27256.0,33160.0,28.24
1413,35416.0,8674.0,26656.0,33140.0,28.26
1414,38448.0,7648.0,26404.0,32504.0,28.28
1415,40528.0,6829.0,27220.0,33552.0,28.3
1416,41684.0,7062.0,27556.0,34248.0,28.32
1417,42176.0,8276.0,25604.0,33200.0,28.34
1418,42212.0,9964.0,24972.0,32308.0,28.36
1419,42580.0,11530.0,25140.0,33796.0,28.38
1420,43328.0,15208.0,21836.0,33328.0,28.4
1421,44184.0,19740.0,19524.0,30428.0,28.42
1422,44800.0,22808.0,19844.0,28680.0,28.44
1423,45088.0,24620.0,26336.0,29924.0,28.46
1424,45152.0,28940.0,34748.0,31948.0,28.48
1425,45072.0,33512.0,35680.0,32408.0,28.5
1426,43168.0,37560.0,31676.0,27644.0,28.52
1427,39264.0,41116.0,32632.0,28120.0,28.54
1428,34840.0,42056.0,33496.0,30124.0,28.56
1429,31036.0,41208.0,31800.0,30684.0,28.58
1430,29348.0,40536.0,30704.0,31200.0,28.6
1431,30088.0,41332.0,30016.0,33276.0,28.62
1432,32464.0,42736.0,28604.0,34412.0,28.64
1433,34736.0,40904.0,27468.0,35928.0,28.66
1434,34232.0,39404.0,26204.0,37704.0,28.68
1435,29912.0,38272.0,26320.0,40644.0,28.7
1436,25952.0,36656.0,26192.0,39528.0,28.72
1437,23394.0,35364.0,26172.0,38376.0,28.74
1438,24232.0,32936.0,26308.0,39840.0,28.76
1439,28228.0,28636.0,26416.0,38312.0,28.78
1440,33280.0,24968.0,25340.0,37336.0,28.8
1441,37624.0,21768.0,27400.0,39488.0,28.82
1442,40344.0,18864.0,26528.0,37888.0,28.84
1443,41800.0,17544.0,26704.0,38520.0,28.86
1444,42444.0,17664.0,25652.0,32840.0,28.88
1445,42360.0,18960.0,25132.0,26416.0,28.9
1446,41856.0,21444.0,24656.0,31056.0,28.92
1447,41440.0,22788.0,25716.0,32448.0,28.94
1448,40168.0,23408.0,26600.0,33152.0,28.96
1449,38720.0,23688.0,27880.0,33464.0,28.98
1450,38864.0,23600.0,26937.0,32564.0,29.0
1451,40464.0,24916.0,26568.0,32960.0,29.02
1452,42828.0,27184.0,24492.0,33056.0,29.04
1453,44940.0,29184.0,25520.0,32552.0,29.06
1454,45648.0,30452.0,26784.0,32920.0,29.08
1455,45792.0,31504.0,27292.0,33124.0,29.1
1456,46960.0,32624.0,26992.0,33300.0,29.12
1457,48644.0,33336.0,27116.0,33408.0,29.14
1458,50624.0,32984.0,27456.0,33072.0,29.16
1459,52408.0,31560.0,27092.0,33544.0,29.18
1460,53860.0,30688.0,26468.0,33692.0,29.2
1461,55032.0,31320.0,27000.0,32916.0,29.22
1462,55896.0,33144.0,27818.0,34240.0,29.24
1463,56316.0,36976.0,27088.0,34488.0,29.26
1464,55848.0,40672.0,26048.0,33952.0,29.28
1465,54344.0,43808.0,24324.0,33180.0,29.3
1466,53424.0,46008.0,22300.0,32904.0,29.32
1467,53584.0,47568.0,18984.0,30760.0,29.34
1468,54040.0,48008.0,19880.0,30828.0,29.36
1469,55440.0,45856.0,20992.0,33496.0,29.38
1470,56840.0,44816.0,21624.0,37188.0,29.4
1471,57884.0,47500.0,27672.0,30376.0,29.42
1472,58668.0,49376.0,30380.0,27144.0,29.44
1473,58760.0,49588.0,31744.0,27844.0,29.46
1474,57480.0,49632.0,32376.0,27836.0,29.48
1475,53416.0,49500.0,34112.0,30312.0,29.5
1476,47896.0,48960.0,32208.0,30096.0,29.52
1477,43384.0,49840.0,31132.0,30904.0,29.54
1478,40504.0,50420.0,30060.0,31576.0,29.56
1479,38828.0,50400.0,28472.0,31604.0,29.58
1480,37712.0,50716.0,26820.0,32240.0,29.6
1481,36052.0,50984.0,25532.0,33976.0,29.62
1482,33092.0,51488.0,24516.0,33848.0,29.64
1483,29100.0,51560.0,23784.0,33352.0,29.66
1484,25512.0,52000.0,24176.0,33852.0,29.68
1485,22780.0,52728.0,22996.0,33152.0,29.7
1486,21368.0,54048.0,22028.0,32984.0,29.72
1487,21300.0,55472.0,21712.0,33448.0,29.74
1488,22764.0,56704.0,21600.0,34832.0,29.76
1489,24624.0,57656.0,21504.0,35912.0,29.78
1490,25764.0,57632.0,21660.0,36660.0,29.8
1491,26504.0,56168.0,22848.0,40680.0,29.82
1492,27184.0,53836.0,26744.0,44580.0,29.84
1493,27468.0,51548.0,27200.0,39952.0,29.86
1494,27392.0,51200.0,28564.0,40864.0,29.88
1495,26536.0,52732.0,25544.0,27008.0,29.9
1496,24752.0,54808.0,28116.0,29592.0,29.92
1497,21668.0,56080.0,21089.0,44672.0,29.94
1498,18968.0,51952.0,27836.0,28844.0,29.96
1499,17756.0,44752.0,27304.0,33048.0,29.98
1500,20164.0,39896.0,27252.0,33564.0,30.0
1501,23360.0,40832.0,27488.0,33644.0,30.02
1502,25002.0,44320.0,27316.0,32728.0,30.04
1503,25948.0,45904.0,27452.0,32924.0,30.06
1504,27072.0,44516.0,27400.0,32972.0,30.08
1505,28924.0,41548.0,27580.0,33112.0,30.1
1506,31396.0,39712.0,27444.0,32568.0,30.12
1507,34000.0,38684.0,27672.0,32904.0,30.14
1508,36256.0,39224.0,27528.0,33064.0,30.16
1509,37832.0,41104.0,27560.0,33064.0,30.18
1510,39200.0,44668.0,27248.0,32892.0,30.2
1511,40288.0,47560.0,27380.0,32928.0,30.22
1512,40148.0,49944.0,27444.0,32960.0,30.24
1513,39312.0,52140.0,26856.0,33060.0,30.26
1514,38568.0,53944.0,27432.0,33216.0,30.28
1515,37580.0,55248.0,27168.0,33232.0,30.3
1516,36812.0,56216.0,27440.0,33436.0,30.32
1517,36320.0,57088.0,27268.0,33240.0,30.34
1518,35732.0,58024.0,27020.0,33504.0,30.36
1519,35048.0,58644.0,26222.0,33316.0,30.38
1520,33676.0,58512.0,25644.0,33144.0,30.4
1521,31104.0,57104.0,26292.0,32976.0,30.42
1522,28352.0,54552.0,24616.0,33152.0,30.44
1523,27016.0,51728.0,24120.0,31988.0,30.46
1524,27528.0,49304.0,23330.0,31072.0,30.48
1525,29380.0,46152.0,22732.0,30120.0,30.5
1526,32380.0,41968.0,20736.0,33640.0,30.52
1527,36752.0,39992.0,23680.0,35720.0,30.54
1528,40456.0,43328.0,23612.0,34624.0,30.56
1529,42460.0,44012.0,25136.0,27780.0,30.58
1530,42208.0,40392.0,29840.0,34908.0,30.6
1531,41044.0,35688.0,30020.0,28328.0,30.62
1532,41408.0,32308.0,31244.0,30088.0,30.64
1533,42344.0,30400.0,32008.0,31640.0,30.66
1534,42476.0,28168.0,31368.0,32324.0,30.68
1535,41776.0,24632.0,30192.0,31976.0,30.7
1536,40896.0,21592.0,29376.0,32712.0,30.72
1537,40032.0,18888.0,29536.0,35184.0,30.74
1538,39220.0,16596.0,28428.0,35336.0,30.76
1539,38500.0,14730.0,27756.0,35872.0,30.78
1540,37688.0,13676.0,27440.0,39136.0,30.8
1541,36496.0,13196.0,27448.0,39512.0,30.82
1542,34496.0,14062.0,28652.0,42488.0,30.84
1543,31980.0,14560.0,31984.0,39592.0,30.86
1544,29712.0,13924.0,27648.0,38768.0,30.88
1545,28300.0,13902.0,28624.0,37732.0,30.9
1546,27676.0,15664.0,29864.0,37124.0,30.92
1547,27332.0,16864.0,28532.0,36100.0,30.94
1548,26780.0,16792.0,27556.0,37608.0,30.96
1549,26524.0,16928.0,27888.0,38384.0,30.98
1550,27304.0,17072.0,27300.0,37216.0,31.0
1551,28692.0,17070.0,27516.0,37088.0,31.02
1552,29820.0,15924.0,26072.0,36288.0,31.04
1553,30116.0,14488.0,27172.0,35636.0,31.06
1554,31064.0,13556.0,20573.0,46744.0,31.08
1555,32172.0,13666.0,25616.0,25276.0,31.1
1556,32048.0,12556.0,26330.0,30552.0,31.12
1557,30084.0,10949.0,26880.0,33136.0,31.14
1558,27716.0,10168.0,25500.0,30848.0,31.16
1559,27328.0,11760.0,17208.0,38160.0,31.18
1560,29268.0,14020.0,25168.0,27628.0,31.2
1561,31400.0,13456.0,27640.0,33360.0,31.22
1562,32360.0,13381.0,27336.0,32452.0,31.24
1563,31468.0,15849.0,27664.0,33128.0,31.26
1564,30100.0,18564.0,27192.0,33436.0,31.28
1565,28380.0,20568.0,27144.0,32896.0,31.3
1566,26314.0,21948.0,27064.0,32916.0,31.32
1567,24612.0,20864.0,27220.0,33376.0,31.34
1568,23968.0,17824.0,26700.0,33056.0,31.36
1569,24592.0,15208.0,27144.0,32432.0,31.38
1570,25476.0,13744.0,27732.0,33968.0,31.4
1571,26152.0,12648.0,28312.0,34280.0,31.42
1572,26712.0,10957.0,25952.0,33524.0,31.44
1573,26768.0,9772.0,25460.0,33312.0,31.46
1574,26404.0,8440.0,24576.0,33832.0,31.48
1575,26212.0,7577.0,20972.0,32576.0,31.5
1576,27312.0,7644.0,18816.0,30432.0,31.52
1577,30028.0,8836.0,20508.0,27816.0,31.54
1578,34180.0,9836.0,24420.0,29216.0,31.56
1579,38348.0,13208.0,34412.0,31200.0,31.58
1580,41720.0,19576.0,31236.0,27532.0,31.6
1581,43648.0,25808.0,32100.0,30536.0,31.62
1582,43264.0,30648.0,32760.0,27568.0,31.64
1583,41288.0,33572.0,33384.0,29448.0,31.66
1584,39544.0,35704.0,32620.0,30140.0,31.68
1585,38064.0,39520.0,30852.0,31648.0,31.7
1586,38604.0,41320.0,29384.0,34296.0,31.72
1587,40520.0,37940.0,27712.0,34504.0,31.74
1588,40928.0,32776.0,26536.0,35812.0,31.76
1589,38052.0,28264.0,26600.0,39392.0,31.78
1590,33188.0,26504.0,26120.0,39852.0,31.8
1591,29064.0,29624.0,25788.0,40096.0,31.82
1592,27392.0,32228.0,26368.0,41296.0,31.84
1593,28776.0,29584.0,26836.0,40504.0,31.86
1594,32344.0,25504.0,27188.0,39404.0,31.88
1595,36420.0,22144.0,26836.0,39888.0,31.9
1596,39860.0,19918.0,26856.0,39052.0,31.92
1597,41996.0,19036.0,26772.0,35800.0,31.94
1598,43148.0,18193.0,28624.0,35980.0,31.96
1599,43776.0,17992.0,18796.0,46680.0,31.98
1600,44072.0,18828.0,21256.0,30408.0,32.0
1601,43660.0,18128.0,24368.0,30488.0,32.02
1602,42196.0,16033.0,21336.0,29512.0,32.04
1603,40408.0,14036.0,26464.0,32660.0,32.06
1604,40720.0,12512.0,24812.0,33708.0,32.08
1605,43720.0,11776.0,22148.0,31332.0,32.1
1606,46480.0,10701.0,26704.0,33872.0,32.12
1607,48256.0,10879.0,27592.0,33624.0,32.14
1608,48464.0,12320.0,27444.0,33064.0,32.16
1609,47168.0,14357.0,27424.0,33168.0,32.18
1610,45744.0,17028.0,26920.0,32456.0,32.2
1611,44512.0,19344.0,26904.0,32512.0,32.22
1612,43644.0,20652.0,26924.0,33132.0,32.24
1613,43464.0,21050.0,27096.0,32824.0,32.26
1614,43488.0,20834.0,26944.0,33512.0,32.28
1615,43072.0,21728.0,27268.0,33372.0,32.3
1616,42328.0,24468.0,27572.0,34272.0,32.32
1617,41796.0,28856.0,26168.0,33328.0,32.34
1618,41536.0,33600.0,24176.0,33200.0,32.36
1619,41444.0,37724.0,23536.0,32592.0,32.38
1620,42056.0,41308.0,21128.0,32532.0,32.4
1621,42520.0,44136.0,20672.0,29412.0,32.42
1622,41752.0,46632.0,23412.0,30468.0,32.44
1623,41152.0,49064.0,25860.0,31276.0,32.46
1624,41236.0,50972.0,28720.0,31976.0,32.48
1625,41376.0,52824.0,35236.0,30680.0,32.5
1626,40760.0,54040.0,36080.0,29512.0,32.52
1627,39636.0,54024.0,33656.0,27064.0,32.54
1628,38472.0,52532.0,33448.0,29068.0,32.56
1629,37184.0,51264.0,32044.0,30138.0,32.58
1630,36484.0,53024.0,30432.0,30848.0,32.6
1631,36952.0,49620.0,28972.0,32496.0,32.62
1632,35860.0,42792.0,28416.0,33792.0,32.64
1633,32360.0,37032.0,28196.0,34460.0,32.66
1634,28640.0,33064.0,27312.0,36296.0,32.68
1635,26920.0,30793.0,26740.0,39396.0,32.7
1636,26644.0,29728.0,26024.0,41856.0,32.72
1637,26032.0,29728.0,25756.0,43496.0,32.74
1638,25084.0,30632.0,39960.0,47516.0,32.76
1639,24812.0,31808.0,29844.0,41384.0,32.78
1640,25592.0,32264.0,26240.0,37152.0,32.8
1641,28352.0,32216.0,28312.0,39596.0,32.82
1642,32384.0,31936.0,27520.0,35104.0,32.84
1643,35036.0,32520.0,15108.0,51224.0,32.86
1644,35200.0,33152.0,19924.0,30960.0,32.88
1645,34576.0,32784.0,25834.0,32832.0,32.9
1646,33528.0,30956.0,24848.0,31004.0,32.92
1647,33008.0,27532.0,25368.0,31984.0,32.94
1648,33512.0,24056.0,28272.0,32644.0,32.96
1649,33824.0,21312.0,25500.0,32908.0,32.98
1650,33488.0,20008.0,24140.0,32420.0,33.0
1651,33200.0,19458.0,26204.0,33060.0,33.02
1652,32616.0,19060.0,27232.0,33068.0,33.04
1653,32208.0,17404.0,27520.0,32948.0,33.06
1654,33032.0,15689.0,27552.0,33288.0,33.08
1655,33536.0,15504.0,27296.0,32904.0,33.1
1656,32604.0,15908.0,27080.0,33592.0,33.12
1657,31076.0,14940.0,27132.0,33188.0,33.14
1658,29924.0,13016.0,27136.0,33224.0,33.16
1659,29512.0,12196.0,27432.0,33444.0,33.18
1660,29764.0,14452.0,27120.0,34064.0,33.2
1661,29728.0,18476.0,26276.0,33572.0,33.22
1662,29588.0,23148.0,25832.0,33388.0,33.24
1663,30264.0,28152.0,24140.0,33056.0,33.26
1664,31200.0,32972.0,23178.0,32784.0,33.28
1665,31496.0,36608.0,21164.0,31792.0,33.3
1666,31472.0,37504.0,19184.0,31212.0,33.32
1667,31548.0,35280.0,19648.0,26984.0,33.34
1668,32696.0,33752.0,27232.0,35688.0,33.36
1669,34800.0,37384.0,34404.0,35928.0,33.38
1670,36704.0,40816.0,33704.0,23028.0,33.4
1671,36856.0,42144.0,33752.0,28328.0,33.42
1672,34720.0,42272.0,33240.0,26504.0,33.44
1673,31792.0,42848.0,33548.0,29016.0,33.46
1674,29068.0,42552.0,32184.0,30388.0,33.48
1675,27036.0,40964.0,30404.0,31112.0,33.5
1676,26472.0,42088.0,29600.0,32028.0,33.52
1677,26496.0,42136.0,29560.0,34316.0,33.54
1678,25864.0,38496.0,27840.0,34560.0,33.56
1679,23928.0,32976.0,24920.0,35964.0,33.58
1680,21348.0,28496.0,24081.0,39792.0,33.6
1681,19072.0,25364.0,25608.0,40416.0,33.62
1682,17398.0,23680.0,25372.0,40128.0,33.64
1683,16292.0,22248.0,25161.0,39928.0,33.66
1684,16540.0,19680.0,26596.0,39600.0,33.68
1685,18752.0,17258.0,26952.0,38432.0,33.7
1686,21460.0,15052.0,26432.0,37760.0,33.72
1687,23964.0,13281.0,26280.0,37840.0,33.74
1688,26320.0,12032.0,26465.0,37980.0,33.76
1689,27938.0,11004.0,26680.0,35768.0,33.78
1690,29104.0,10678.0,26432.0,31700.0,33.8
1691,30156.0,10624.0,21060.0,38192.0,33.82
1692,30720.0,10480.0,24316.0,33009.0,33.84
1693,30368.0,9422.0,27376.0,32848.0,33.86
1694,29488.0,8296.0,25392.0,32100.0,33.88
1695,29252.0,8174.0,27256.0,33476.0,33.9
1696,30060.0,8813.0,27532.0,33060.0,33.92
1697,31348.0,7696.0,22076.0,31232.0,33.94
1698,32536.0,7552.0,26660.0,33364.0,33.96
1699,33440.0,7494.0,27268.0,33280.0,33.98
1700,34376.0,6393.0,27208.0,33028.0,34.0
1701,35984.0,5845.0,26900.0,33188.0,34.02
1702,37344.0,5056.0,26148.0,31260.0,34.04
1703,37684.0,4457.0,26116.0,33368.0,34.06
1704,36864.0,3881.0,27508.0,34048.0,34.08
1705,35992.0,3545.0,26480.0,33688.0,34.1
1706,35716.0,3074.0,27492.0,31684.0,34.12
1707,35880.0,2819.0,29372.0,35728.0,34.14
1708,35672.0,3526.0,28912.0,35080.0,34.16
1709,35164.0,5742.0,27948.0,34528.0,34.18
1710,34396.0,8386.0,26076.0,33792.0,34.2
1711,33696.0,12900.0,23604.0,33800.0,34.22
1712,33264.0,17024.0,19736.0,32624.0,34.24
1713,33096.0,20312.0,17248.0,28652.0,34.26
1714,33808.0,22660.0,18804.0,25804.0,34.28
1715,36008.0,24104.0,26764.0,29568.0,34.3
1716,39200.0,26052.0,40000.0,32556.0,34.32
1717,41708.0,30656.0,36440.0,27856.0,34.34
1718,41960.0,34564.0,31284.0,26540.0,34.36
1719,39508.0,36872.0,33848.0,29536.0,34.38
1720,35452.0,38640.0,33184.0,30664.0,34.4
1721,30816.0,39256.0,30816.0,31908.0,34.42
1722,27144.0,40736.0,30064.0,32752.0,34.44
1723,25732.0,41828.0,29588.0,34196.0,34.46
1724,26636.0,42600.0,28352.0,34856.0,34.48
1725,28268.0,41948.0,27108.0,36944.0,34.5
1726,29296.0,41640.0,26536.0,38976.0,34.52
1727,29752.0,43072.0,26560.0,40120.0,34.54
1728,29808.0,45440.0,26112.0,39680.0,34.56
1729,30416.0,46656.0,26008.0,38952.0,34.58
1730,32664.0,46980.0,25296.0,37960.0,34.6
1731,35792.0,46952.0,25720.0,36528.0,34.62
1732,38904.0,46504.0,25656.0,37080.0,34.64
1733,41840.0,45832.0,24960.0,36292.0,34.66
1734,44384.0,44316.0,26648.0,39080.0,34.68
1735,46528.0,42416.0,26452.0,38040.0,34.7
1736,48472.0,40872.0,21336.0,31276.0,34.72
1737,49632.0,39316.0,31304.0,35360.0,34.74
1738,49652.0,36908.0,26872.0,30062.0,34.76
1739,48192.0,34704.0,28880.0,34072.0,34.78
1740,45836.0,33024.0,27704.0,32380.0,34.8
1741,44224.0,32029.0,9745.0,35616.0,34.82
1742,44224.0,28136.0,22904.0,36696.0,34.84
1743,43224.0,24440.0,27296.0,33544.0,34.86
1744,41348.0,24652.0,27320.0,33480.0,34.88
1745,42312.0,29432.0,26260.0,33108.0,34.9
1746,45448.0,32564.0,26604.0,33420.0,34.92
1747,46608.0,34092.0,27584.0,33888.0,34.94
1748,44976.0,33592.0,28232.0,34672.0,34.96
1749,42800.0,32116.0,26764.0,34092.0,34.98
1750,41468.0,31256.0,27000.0,33424.0,35.0
1751,40952.0,31992.0,29360.0,35280.0,35.02
1752,40888.0,33788.0,28688.0,35256.0,35.04
1753,40584.0,35168.0,27168.0,34672.0,35.06
1754,39640.0,34952.0,26280.0,33760.0,35.08
1755,38820.0,33664.0,27736.0,34448.0,35.1
1756,38480.0,30812.0,27796.0,34960.0,35.12
1757,38440.0,27264.0,26720.0,34968.0,35.14
1758,38616.0,24432.0,25960.0,33736.0,35.16
1759,39560.0,22896.0,27712.0,35184.0,35.18
1760,41024.0,23584.0,26272.0,35044.0,35.2
1761,41864.0,25676.0,22992.0,33864.0,35.22
1762,41952.0,28768.0,20257.0,31940.0,35.24
1763,42540.0,31820.0,20088.0,30016.0,35.26
1764,45448.0,35064.0,24016.0,32000.0,35.28
1765,48072.0,39148.0,29056.0,34924.0,35.3
1766,50296.0,41856.0,32280.0,29748.0,35.32
1767,51776.0,41976.0,29800.0,30784.0,35.34
1768,51928.0,40584.0,33700.0,29752.0,35.36
1769,50032.0,38304.0,32728.0,30196.0,35.38
1770,48112.0,36868.0,30476.0,31740.0,35.4
1771,47472.0,39520.0,29320.0,31836.0,35.42
1772,46188.0,43216.0,28232.0,32092.0,35.44
1773,44028.0,45072.0,26596.0,32540.0,35.46
1774,41464.0,43940.0,25380.0,32328.0,35.48
1775,37960.0,41760.0,24040.0,33008.0,35.5
1776,33600.0,41344.0,22676.0,33040.0,35.52
1777,29324.0,44144.0,22744.0,33744.0,35.54
1778,26008.0,47056.0,22600.0,33012.0,35.56
1779,24936.0,49296.0,22888.0,33216.0,35.58
1780,25480.0,51352.0,22552.0,34172.0,35.6
1781,26108.0,52948.0,22480.0,33764.0,35.62
1782,26448.0,54216.0,23136.0,35552.0,35.64
1783,26392.0,55760.0,23172.0,36168.0,35.66
1784,25852.0,56880.0,23960.0,36668.0,35.68
1785,24952.0,57992.0,25516.0,39788.0,35.7
1786,24092.0,58736.0,25612.0,40236.0,35.72
1787,23532.0,58688.0,24960.0,39848.0,35.74
1788,23328.0,54632.0,21500.0,37168.0,35.76
1789,23336.0,48284.0,24952.0,40936.0,35.78
1790,22584.0,41824.0,25656.0,25852.0,35.8
1791,20628.0,36352.0,25732.0,32260.0,35.82
1792,18136.0,32036.0,23456.0,35056.0,35.84
1793,16000.0,27856.0,26960.0,32154.0,35.86
1794,14136.0,24424.0,27428.0,33032.0,35.88
1795,13200.0,22077.0,27360.0,33344.0,35.9
1796,14160.0,23440.0,27192.0,33160.0,35.92
1797,15356.0,28532.0,27272.0,32696.0,35.94
1798,16068.0,33660.0,27320.0,32648.0,35.96
1799,16562.0,36884.0,27392.0,32328.0,35.98
1800,17496.0,36732.0,27372.0,32604.0,36.0
1801,18960.0,34832.0,27340.0,33008.0,36.02
1802,20928.0,32952.0,27356.0,32592.0,36.04
1803,23404.0,31728.0,27452.0,32280.0,36.06
1804,25980.0,31360.0,27296.0,32304.0,36.08
1805,28652.0,30048.0,27444.0,32816.0,36.1
1806,31112.0,27872.0,27476.0,32512.0,36.12
1807,33001.0,25456.0,27128.0,32412.0,36.14
1808,34052.0,22336.0,27164.0,33068.0,36.16
1809,34220.0,19680.0,27416.0,33008.0,36.18
1810,33764.0,17116.0,26868.0,32588.0,36.2
1811,32608.0,15946.0,26728.0,32840.0,36.22
1812,30592.0,16036.0,26568.0,33244.0,36.24
1813,28820.0,17528.0,26272.0,33332.0,36.26
1814,29028.0,19224.0,25376.0,32980.0,36.28
1815,30344.0,22032.0,25300.0,32536.0,36.3
1816,30996.0,25120.0,23708.0,32528.0,36.32
1817,31424.0,27772.0,21368.0,31004.0,36.34
1818,32088.0,30872.0,18473.0,26968.0,36.36
1819,33272.0,35624.0,21036.0,31556.0,36.38
1820,35160.0,37408.0,24624.0,32912.0,36.4
1821,38236.0,32060.0,25504.0,34224.0,36.42
1822,41604.0,27584.0,31028.0,29536.0,36.44
1823,43920.0,23796.0,29136.0,26884.0,36.46
1824,44080.0,20604.0,31008.0,29100.0,36.48
1825,41896.0,17728.0,31408.0,29880.0,36.5
1826,38484.0,15628.0,30888.0,30672.0,36.52
1827,34956.0,13664.0,30076.0,30884.0,36.54
1828,32160.0,11992.0,29544.0,31656.0,36.56
1829,30192.0,10902.0,28572.0,32196.0,36.58
1830,28556.0,10076.0,27924.0,32352.0,36.6
1831,26728.0,8764.0,27832.0,33760.0,36.62
1832,24440.0,7804.0,27724.0,36548.0,36.64
1833,21632.0,7488.0,27000.0,38432.0,36.66
1834,19008.0,8281.0,27528.0,40576.0,36.68
1835,17244.0,10406.0,27904.0,41048.0,36.7
1836,16716.0,12920.0,28508.0,41272.0,36.72
1837,16640.0,15328.0,28644.0,38992.0,36.74
1838,16168.0,16160.0,29212.0,39164.0,36.76
1839,16248.0,16202.0,29944.0,40360.0,36.78
1840,17232.0,18004.0,27968.0,38209.0,36.8
1841,18676.0,21756.0,26692.0,38892.0,36.82
1842,20064.0,25920.0,26064.0,37368.0,36.84
1843,21313.0,28756.0,26828.0,35152.0,36.86
1844,23084.0,30500.0,25212.0,26932.0,36.88
1845,25236.0,33580.0,23392.0,51128.0,36.9
1846,26784.0,35472.0,26712.0,31760.0,36.92
1847,26936.0,34104.0,16500.0,28028.0,36.94
1848,26176.0,30904.0,23880.0,33816.0,36.96
1849,25984.0,28296.0,16252.0,34176.0,36.98
1850,29200.0,24544.0,24416.0,32528.0,37.0
1851,33464.0,21740.0,28200.0,34288.0,37.02
1852,36124.0,22824.0,27888.0,33092.0,37.04
1853,37056.0,27708.0,27632.0,33544.0,37.06
1854,36664.0,32152.0,27216.0,33232.0,37.08
1855,34880.0,35152.0,26940.0,32956.0,37.1
1856,32428.0,36300.0,27232.0,32800.0,37.12
1857,31656.0,37132.0,27272.0,32840.0,37.14
1858,32642.0,37544.0,27252.0,32792.0,37.16
1859,33268.0,36576.0,26784.0,32344.0,37.18
1860,32712.0,35408.0,26388.0,32400.0,37.2
1861,31704.0,33332.0,27336.0,33508.0,37.22
1862,30200.0,30064.0,27736.0,33952.0,37.24
1863,28648.0,26568.0,27000.0,32960.0,37.26
1864,27572.0,23048.0,26452.0,33768.0,37.28
1865,27272.0,20112.0,25180.0,33744.0,37.3
1866,27868.0,18912.0,21536.0,33260.0,37.32
1867,28512.0,20832.0,18520.0,30516.0,37.34
1868,28496.0,21480.0,19244.0,29264.0,37.36
1869,28444.0,20290.0,26584.0,28248.0,37.38
1870,30308.0,20636.0,29720.0,33132.0,37.4
1871,34252.0,22204.0,37268.0,28264.0,37.42
1872,37804.0,23776.0,41128.0,24304.0,37.44
1873,39416.0,25076.0,32392.0,26900.0,37.46
1874,39088.0,25356.0,32608.0,27082.0,37.48
1875,38112.0,23840.0,32048.0,29056.0,37.5
1876,38424.0,23232.0,30264.0,29756.0,37.52
1877,40984.0,23184.0,27804.0,31352.0,37.54
1878,43928.0,23200.0,26800.0,33280.0,37.56
1879,44920.0,23712.0,27196.0,35164.0,37.58
1880,41592.0,25500.0,26120.0,36720.0,37.6
1881,36040.0,28296.0,26276.0,37932.0,37.62
1882,31392.0,31220.0,27036.0,40616.0,37.64
1883,28640.0,34972.0,27764.0,42696.0,37.66
1884,28088.0,39172.0,27920.0,41736.0,37.68
1885,29832.0,40984.0,28192.0,41256.0,37.7
1886,33516.0,39596.0,27744.0,41172.0,37.72
1887,37920.0,37860.0,26888.0,38852.0,37.74
1888,41496.0,37152.0,28176.0,36508.0,37.76
1889,44504.0,37420.0,27364.0,34792.0,37.78
1890,46608.0,39284.0,19176.0,53456.0,37.8
1891,45920.0,41696.0,21792.0,32672.0,37.82
1892,41776.0,42592.0,23192.0,30192.0,37.84
1893,36284.0,41480.0,24684.0,32556.0,37.86
1894,31724.0,42824.0,23104.0,32129.0,37.88
1895,29816.0,45696.0,28596.0,32512.0,37.9
1896,30832.0,48144.0,21300.0,33608.0,37.92
1897,33248.0,50264.0,25184.0,31504.0,37.94
1898,35572.0,51992.0,27376.0,33408.0,37.96
1899,36144.0,53568.0,27232.0,32992.0,37.98
1900,35604.0,54840.0,26880.0,32800.0,38.0
1901,34368.0,56176.0,26528.0,32604.0,38.02
1902,30217.0,56952.0,25820.0,31840.0,38.04
1903,26244.0,55300.0,26640.0,33944.0,38.06
1904,23872.0,52176.0,26936.0,33916.0,38.08
1905,23876.0,49472.0,26768.0,31700.0,38.1
1906,26080.0,47552.0,28896.0,34180.0,38.12
1907,29792.0,46936.0,29504.0,36412.0,38.14
1908,33520.0,49224.0,24732.0,34876.0,38.16
1909,35748.0,51648.0,17276.0,30580.0,38.18
1910,36588.0,53632.0,15804.0,27002.0,38.2
1911,37268.0,54600.0,21200.0,29232.0,38.22
1912,38768.0,55896.0,24352.0,31688.0,38.24
1913,41192.0,56728.0,39512.0,26464.0,38.26
1914,44176.0,57984.0,37532.0,24108.0,38.28
1915,46608.0,58888.0,33656.0,25024.0,38.3
1916,47848.0,57968.0,34552.0,28716.0,38.32
1917,47912.0,53520.0,33216.0,29624.0,38.34
1918,46184.0,54920.0,31984.0,30932.0,38.36
1919,43704.0,54308.0,30080.0,31680.0,38.38
1920,41484.0,47620.0,28304.0,32832.0,38.4
1921,39044.0,41168.0,27856.0,34396.0,38.42
1922,35852.0,36296.0,26624.0,36404.0,38.44
1923,31480.0,31824.0,26488.0,38528.0,38.46
1924,27404.0,28232.0,26780.0,41320.0,38.48
1925,23972.0,26380.0,26336.0,42488.0,38.5
1926,21696.0,26488.0,25332.0,41220.0,38.52
1927,21568.0,27328.0,27620.0,43664.0,38.54
1928,24716.0,28560.0,27744.0,42508.0,38.56
1929,30048.0,27936.0,26816.0,40240.0,38.58
1930,34848.0,25724.0,28296.0,38192.0,38.6
1931,38224.0,23164.0,13864.0,41764.0,38.62
1932,39280.0,21988.0,27384.0,31700.0,38.64
1933,37808.0,21860.0,26236.0,32768.0,38.66
1934,35488.0,21360.0,26324.0,34296.0,38.68
1935,34208.0,19368.0,22180.0,31028.0,38.7
1936,34680.0,19520.0,28764.0,33184.0,38.72
1937,34984.0,21324.0,21752.0,33728.0,38.74
1938,34056.0,23568.0,24756.0,32104.0,38.76
1939,32744.0,25400.0,27204.0,33676.0,38.78
1940,31584.0,26076.0,27308.0,32844.0,38.8
1941,30464.0,24032.0,27196.0,32980.0,38.82
1942,29176.0,21768.0,27456.0,32976.0,38.84
1943,27580.0,20584.0,27260.0,33264.0,38.86
1944,25960.0,18048.0,27468.0,33480.0,38.88
1945,25020.0,15772.0,27552.0,34112.0,38.9
1946,25440.0,13908.0,27144.0,33120.0,38.92
1947,26520.0,12896.0,26800.0,33896.0,38.94
1948,27000.0,15093.0,25216.0,33460.0,38.96
1949,26308.0,20720.0,21416.0,32912.0,38.98
1950,25276.0,26546.0,20032.0,29633.0,39.0
1951,25048.0,30588.0,21053.0,31704.0,39.02
1952,24996.0,33268.0,21568.0,28444.0,39.04
1953,24516.0,35492.0,26684.0,32088.0,39.06
1954,25160.0,39408.0,30248.0,33224.0,39.08
1955,26880.0,42080.0,32388.0,24978.0,39.1
1956,28984.0,40260.0,31680.0,25744.0,39.12
1957,30392.0,37248.0,33256.0,24776.0,39.14
1958,30388.0,34760.0,33980.0,26932.0,39.16
1959,29696.0,34216.0,30868.0,28772.0,39.18
1960,28536.0,38432.0,29068.0,30752.0,39.2
1961,27672.0,35544.0,28896.0,33412.0,39.22
1962,26696.0,30464.0,27536.0,35792.0,39.24
1963,23680.0,26752.0,25648.0,36908.0,39.26
1964,20693.0,24744.0,24620.0,42000.0,39.28
1965,18216.0,24716.0,25656.0,45608.0,39.3
1966,16372.0,26804.0,27184.0,44464.0,39.32
1967,15936.0,29112.0,26960.0,42820.0,39.34
1968,17796.0,31384.0,27284.0,43480.0,39.36
1969,21480.0,34092.0,27096.0,41848.0,39.38
1970,25548.0,37120.0,25744.0,38236.0,39.4
1971,29560.0,39792.0,28464.0,38080.0,39.42
1972,33876.0,41888.0,18416.0,41480.0,39.44
1973,37264.0,44088.0,18264.0,33360.0,39.46
1974,39048.0,44016.0,22666.0,30996.0,39.48
1975,38784.0,41104.0,25152.0,32528.0,39.5
1976,36716.0,35632.0,25176.0,31208.0,39.52
1977,34992.0,30944.0,28228.0,33608.0,39.54
1978,34340.0,27616.0,27800.0,32320.0,39.56
1979,34060.0,26084.0,24384.0,32208.0,39.58
1980,33920.0,25760.0,25164.0,31672.0,39.6
1981,33200.0,22880.0,26864.0,32592.0,39.62
1982,31532.0,19852.0,27080.0,32000.0,39.64
1983,30520.0,17940.0,27928.0,34116.0,39.66
1984,30188.0,18484.0,27716.0,33376.0,39.68
1985,28896.0,19880.0,26416.0,32828.0,39.7
1986,27264.0,18898.0,26944.0,32148.0,39.72
1987,26476.0,16864.0,26520.0,33868.0,39.74
1988,26588.0,15480.0,25176.0,33416.0,39.76
1989,27364.0,14848.0,24808.0,33124.0,39.78
1990,27932.0,15336.0,23808.0,32940.0,39.8
1991,28096.0,18720.0,20812.0,32760.0,39.82
1992,27456.0,23264.0,17448.0,28612.0,39.84
1993,26500.0,26532.0,23448.0,25540.0,39.86
1994,27276.0,28936.0,29836.0,32392.0,39.88
1995,30620.0,31904.0,36904.0,27768.0,39.9
1996,35108.0,34184.0,37520.0,23784.0,39.92
1997,37152.0,36328.0,32000.0,25308.0,39.94
1998,35520.0,35816.0,33696.0,28632.0,39.96
1999,31504.0,32024.0,32900.0,30444.0,39.98
2000,27192.0,27692.0,30896.0,31528.0,40.0
2001,24216.0,27580.0,30264.0,33368.0,40.02
2002,22816.0,25376.0,29820.0,34848.0,40.04
2003,21592.0,22936.0,27880.0,36684.0,40.06
2004,19619.0,22108.0,27024.0,37960.0,40.08
2005,17944.0,24080.0,26564.0,39168.0,40.1
2006,17098.0,27748.0,25696.0,38336.0,40.12
2007,18056.0,30548.0,24740.0,39080.0,40.14
2008,21036.0,33580.0,24508.0,38048.0,40.16
2009,25072.0,36740.0,23116.0,37268.0,40.18
2010,30104.0,39796.0,24144.0,38324.0,40.2
2011,34752.0,41136.0,25316.0,38172.0,40.22
2012,38712.0,41032.0,26752.0,39892.0,40.24
2013,41680.0,41004.0,26976.0,38540.0,40.26
2014,43304.0,41620.0,27584.0,36320.0,40.28
2015,43416.0,42608.0,23592.0,45304.0,40.3
2016,41868.0,44260.0,26792.0,24872.0,40.32
2017,38648.0,45868.0,27244.0,31700.0,40.34
2018,34560.0,45560.0,25404.0,32808.0,40.36
2019,30728.0,44624.0,27424.0,32464.0,40.38
2020,28148.0,43656.0,27724.0,33496.0,40.4
2021,27404.0,43476.0,24576.0,36064.0,40.42
2022,27556.0,44280.0,23664.0,31392.0,40.44
2023,27664.0,45312.0,26336.0,33392.0,40.46
2024,27040.0,47340.0,27460.0,32720.0,40.48
2025,26468.0,49080.0,27756.0,33244.0,40.5
2026,25994.0,48976.0,27384.0,33328.0,40.52
2027,24648.0,48360.0,27032.0,33332.0,40.54
2028,22633.0,47040.0,27316.0,32920.0,40.56
2029,21548.0,44320.0,27516.0,33760.0,40.58
2030,21896.0,40676.0,27328.0,33552.0,40.6
2031,22444.0,37044.0,26832.0,33760.0,40.62
2032,23060.0,34032.0,26640.0,33240.0,40.64
2033,23530.0,31328.0,26936.0,34008.0,40.66
2034,23248.0,28956.0,26828.0,33912.0,40.68
2035,22520.0,26600.0,25152.0,33316.0,40.7
2036,21876.0,25076.0,25800.0,33576.0,40.72
2037,21580.0,25420.0,26484.0,34192.0,40.74
2038,21288.0,28144.0,23420.0,33900.0,40.76
2039,20504.0,32412.0,19772.0,30680.0,40.78
2040,20168.0,37096.0,17792.0,29768.0,40.8
2041,22088.0,40280.0,19152.0,32500.0,40.82
2042,26888.0,43348.0,22988.0,34648.0,40.84
2043,32012.0,43184.0,26148.0,34304.0,40.86
2044,36452.0,39880.0,32056.0,26568.0,40.88
2045,38888.0,35784.0,31600.0,28416.0,40.9
2046,38104.0,30992.0,32736.0,28080.0,40.92
2047,33944.0,28136.0,34556.0,30324.0,40.94
2048,29228.0,26513.0,33560.0,31108.0,40.96
2049,25748.0,24280.0,31556.0,30408.0,40.98
2050,23504.0,21616.0,30860.0,30840.0,41.0
2051,22560.0,19480.0,29456.0,31256.0,41.02
2052,22788.0,17612.0,27280.0,31652.0,41.04
2053,22280.0,16184.0,25812.0,32112.0,41.06
2054,20724.0,15144.0,24788.0,33144.0,41.08
2055,18510.0,15221.0,24004.0,32888.0,41.1
2056,16272.0,15640.0,22632.0,32420.0,41.12
2057,14748.0,15618.0,21500.0,34040.0,41.14
2058,14277.0,14964.0,19904.0,33752.0,41.16
2059,14564.0,13594.0,20204.0,34480.0,41.18
2060,14644.0,11921.0,21968.0,37408.0,41.2
2061,14338.0,10508.0,22128.0,39288.0,41.22
2062,14493.0,9210.0,23304.0,41236.0,41.24
2063,15796.0,8019.0,24480.0,43464.0,41.26
2064,17008.0,7346.0,26252.0,45816.0,41.28
2065,17096.0,8326.0,28300.0,35580.0,41.3
2066,15792.0,10976.0,22616.0,33024.0,41.32
2067,13588.0,12048.0,26220.0,34928.0,41.34
2068,11954.0,10644.0,29000.0,30184.0,41.36
2069,10816.0,9584.0,26524.0,36944.0,41.38
2070,11492.0,13852.0,27320.0,32944.0,41.4
2071,14460.0,18572.0,27352.0,33020.0,41.42
2072,18324.0,22520.0,27216.0,33248.0,41.44
2073,22360.0,26000.0,27440.0,32636.0,41.46
2074,26220.0,29324.0,27440.0,33104.0,41.48
2075,28908.0,33736.0,27345.0,32792.0,41.5
2076,30424.0,37764.0,27396.0,32952.0,41.52
2077,31880.0,41440.0,27456.0,33180.0,41.54
2078,33952.0,43848.0,27268.0,32824.0,41.56
2079,36376.0,44356.0,27500.0,32980.0,41.58
2080,38560.0,44360.0,27434.0,33120.0,41.6
2081,40288.0,44788.0,27288.0,32932.0,41.62
2082,41292.0,46712.0,27480.0,33152.0,41.64
2083,41372.0,48976.0,27268.0,33012.0,41.66
2084,41160.0,50872.0,27580.0,33272.0,41.68
2085,41140.0,52312.0,27364.0,33408.0,41.7
2086,41352.0,53272.0,27356.0,33600.0,41.72
2087,41736.0,54656.0,26904.0,33412.0,41.74
2088,42484.0,55760.0,26712.0,33440.0,41.76
2089,43432.0,56984.0,25536.0,32920.0,41.78
2090,44068.0,58160.0,24648.0,32864.0,41.8
2091,43756.0,59064.0,23696.0,32608.0,41.82
2092,43224.0,59564.0,22980.0,31920.0,41.84
2093,44392.0,56408.0,20472.0,30664.0,41.86
2094,46972.0,52844.0,20474.0,29088.0,41.88
2095,49176.0,53600.0,22636.0,33544.0,41.9
2096,51092.0,53552.0,25952.0,35956.0,41.92
2097,52256.0,49460.0,25672.0,32912.0,41.94
2098,52256.0,45188.0,31992.0,27784.0,41.96
2099,51180.0,42716.0,29516.0,28784.0,41.98
2100,49648.0,42068.0,31028.0,29592.0,42.0
2101,48152.0,43536.0,31652.0,30380.0,42.02
2102,46480.0,45176.0,30828.0,31208.0,42.04
2103,44668.0,46984.0,29220.0,31268.0,42.06
2104,43296.0,49000.0,28608.0,31636.0,42.08
2105,42200.0,51408.0,27320.0,32224.0,42.1
2106,41048.0,53312.0,25692.0,32786.0,42.12
2107,39544.0,55008.0,25564.0,33672.0,42.14
2108,37948.0,56440.0,25636.0,34252.0,42.16
2109,36488.0,57608.0,25626.0,35000.0,42.18
2110,35084.0,58720.0,26016.0,35160.0,42.2
2111,33728.0,59368.0,24964.0,36360.0,42.22
2112,32556.0,60344.0,24976.0,36752.0,42.24
2113,31576.0,60936.0,25132.0,37648.0,42.26
2114,30512.0,61272.0,26568.0,40164.0,42.28
2115,29108.0,60456.0,27872.0,39956.0,42.3
2116,26928.0,58464.0,29212.0,41536.0,42.32
2117,23786.0,55704.0,29120.0,40096.0,42.34
2118,21104.0,53120.0,29968.0,39352.0,42.36
2119,20064.0,52496.0,29544.0,38252.0,42.38
2120,20850.0,54548.0,27448.0,36236.0,42.4
2121,23120.0,56184.0,25808.0,35456.0,42.42
2122,26008.0,57592.0,25116.0,35488.0,42.44
2123,28284.0,57752.0,26380.0,35472.0,42.46
2124,29440.0,57860.0,28024.0,32704.0,42.48
2125,29368.0,58712.0,25258.0,26096.0,42.5
2126,28960.0,59500.0,29160.0,51420.0,42.52
2127,28156.0,58520.0,27856.0,30956.0,42.54
2128,26792.0,53096.0,26464.0,30964.0,42.56
2129,25716.0,45832.0,38312.0,25356.0,42.58
2130,25440.0,40648.0,12810.0,21568.0,42.6
2131,24592.0,37568.0,22468.0,32040.0,42.62
2132,24660.0,37232.0,27620.0,32752.0,42.64
2133,26880.0,33820.0,27776.0,32584.0,42.66
2134,29048.0,31504.0,27320.0,33440.0,42.68
2135,28672.0,31880.0,27412.0,33292.0,42.7
2136,25796.0,31456.0,26996.0,33012.0,42.72
2137,22300.0,28100.0,27296.0,32956.0,42.74
2138,19488.0,24544.0,27424.0,32936.0,42.76
2139,17904.0,21588.0,27336.0,33020.0,42.78
2140,18088.0,19386.0,27224.0,32792.0,42.8
2141,19760.0,17808.0,27564.0,33200.0,42.82
2142,21452.0,16024.0,27384.0,33248.0,42.84
2143,22036.0,14784.0,27064.0,33072.0,42.86
2144,21840.0,14180.0,27356.0,32952.0,42.88
2145,21584.0,13121.0,26968.0,33892.0,42.9
2146,22304.0,11612.0,26636.0,33296.0,42.92
2147,24284.0,11112.0,26281.0,33656.0,42.94
2148,27048.0,11400.0,26512.0,33544.0,42.96
2149,30112.0,11754.0,24292.0,33724.0,42.98
2150,32080.0,12416.0,20337.0,32460.0,43.0
2151,32576.0,12240.0,18260.0,29652.0,43.02
2152,31736.0,11152.0,19444.0,27768.0,43.04
2153,29832.0,11502.0,24016.0,25632.0,43.06
2154,27528.0,14552.0,31416.0,29392.0,43.08
2155,26496.0,19272.0,38472.0,32320.0,43.1
2156,27216.0,24468.0,30520.0,27108.0,43.12
2157,28672.0,28756.0,31840.0,27512.0,43.14
2158,29576.0,29484.0,34456.0,30168.0,43.16
2159,29064.0,31156.0,32280.0,29892.0,43.18
2160,27944.0,33264.0,30108.0,30380.0,43.2
2161,27064.0,32080.0,28164.0,32808.0,43.22
2162,26120.0,29268.0,28228.0,34496.0,43.24
2163,24532.0,25536.0,27868.0,35352.0,43.26
2164,21872.0,22044.0,26396.0,37364.0,43.28
2165,19076.0,20072.0,25868.0,38536.0,43.3
2166,16772.0,20058.0,24812.0,39904.0,43.32
2167,15701.0,20896.0,25716.0,42332.0,43.34
2168,16172.0,21216.0,27024.0,41048.0,43.36
2169,17860.0,19660.0,26672.0,39976.0,43.38
2170,20376.0,17320.0,27736.0,40496.0,43.4
2171,23648.0,15132.0,27300.0,40160.0,43.42
2172,27472.0,13229.0,27364.0,37872.0,43.44
2173,31480.0,11544.0,26976.0,30456.0,43.46
2174,35360.0,10240.0,38000.0,33652.0,43.48
2175,38112.0,9052.0,24416.0,32564.0,43.5
2176,39744.0,7899.0,26332.0,33708.0,43.52
2177,40760.0,6988.0,27780.0,33872.0,43.54
2178,42060.0,7576.0,31104.0,30080.0,43.56
2179,44056.0,10122.0,20141.0,25312.0,43.58
2180,45052.0,11482.0,26320.0,34360.0,43.6
2181,45020.0,12353.0,27265.0,33052.0,43.62
2182,44136.0,15466.0,27768.0,33108.0,43.64
2183,43240.0,20400.0,27408.0,33200.0,43.66
2184,42008.0,24616.0,27260.0,33032.0,43.68
2185,39304.0,26992.0,26936.0,32808.0,43.7
2186,36604.0,26428.0,27104.0,32484.0,43.72
2187,34644.0,22756.0,27032.0,32413.0,43.74
2188,33808.0,19614.0,27146.0,33064.0,43.76
2189,33608.0,16904.0,27656.0,33404.0,43.78
2190,33316.0,14408.0,26668.0,32820.0,43.8
2191,32792.0,12480.0,25845.0,32788.0,43.82
2192,32640.0,11194.0,25892.0,33736.0,43.84
2193,33236.0,11368.0,22524.0,32752.0,43.86
2194,33944.0,12716.0,20160.0,32056.0,43.88
2195,33732.0,14996.0,19626.0,28560.0,43.9
2196,33224.0,17032.0,21764.0,28776.0,43.92
2197,34184.0,19716.0,26936.0,29536.0,43.94
2198,37140.0,24252.0,35308.0,33312.0,43.96
2199,40568.0,27608.0,37728.0,27992.0,43.98
2200,42448.0,29684.0,31140.0,26156.0,44.0
2201,42712.0,32084.0,33656.0,28616.0,44.02
2202,42128.0,33124.0,33864.0,29624.0,44.04
2203,40668.0,32788.0,31596.0,29880.0,44.06
2204,39180.0,34424.0,29992.0,31296.0,44.08
2205,39328.0,36112.0,28704.0,32240.0,44.1
2206,40484.0,36880.0,27968.0,33840.0,44.12
2207,41048.0,37472.0,27296.0,35168.0,44.14
2208,40168.0,38308.0,26044.0,36140.0,44.16
2209,36936.0,39524.0,26016.0,38768.0,44.18
2210,32500.0,41408.0,25568.0,41260.0,44.2
2211,28544.0,44408.0,25720.0,42980.0,44.22
2212,26372.0,47052.0,27100.0,43840.0,44.24
2213,26768.0,49312.0,27400.0,41532.0,44.26
2214,30236.0,51216.0,28308.0,41100.0,44.28
2215,35164.0,52952.0,27532.0,38984.0,44.3
2216,39184.0,54264.0,22908.0,34272.0,44.32
2217,42528.0,54720.0,31372.0,33856.0,44.34
2218,45280.0,52872.0,22168.0,29700.0,44.36
2219,46672.0,48800.0,24952.0,31480.0,44.38
2220,45824.0,45064.0,22944.0,30736.0,44.4
2221,44488.0,44128.0,28600.0,33152.0,44.42
2222,44640.0,44408.0,24352.0,32256.0,44.44
2223,44640.0,46744.0,22057.0,29400.0,44.46
2224,44160.0,49560.0,26500.0,33984.0,44.48
2225,44080.0,51752.0,27236.0,32684.0,44.5
2226,43080.0,53824.0,27576.0,33056.0,44.52
2227,40928.0,55448.0,27544.0,33108.0,44.54
2228,36948.0,56616.0,27280.0,33016.0,44.56
2229,32116.0,57224.0,26841.0,32816.0,44.58
2230,28188.0,54840.0,26840.0,32800.0,44.6
2231,26024.0,50616.0,27364.0,32708.0,44.62
2232,25512.0,46128.0,27288.0,33836.0,44.64
2233,26464.0,43376.0,25872.0,33576.0,44.66
2234,27712.0,43224.0,25676.0,32612.0,44.68
2235,28144.0,44888.0,26880.0,34476.0,44.7
2236,28332.0,46664.0,25504.0,33912.0,44.72
2237,28608.0,49440.0,21244.0,32912.0,44.74
2238,28576.0,51640.0,18390.0,29434.0,44.76
2239,27572.0,53552.0,19304.0,27464.0,44.78
2240,27216.0,52736.0,21986.0,28188.0,44.8
2241,29160.0,54448.0,29684.0,32888.0,44.82
2242,32268.0,55944.0,41080.0,31768.0,44.84
2243,35376.0,56848.0,39624.0,24464.0,44.86
2244,37504.0,54200.0,34048.0,27120.0,44.88
2245,38764.0,49056.0,34160.0,28644.0,44.9
2246,39252.0,45104.0,33528.0,30304.0,44.92
2247,39328.0,43616.0,31584.0,30816.0,44.94
2248,39564.0,41368.0,30228.0,31760.0,44.96
2249,39920.0,37056.0,28968.0,32636.0,44.98
2250,39352.0,32400.0,27828.0,34048.0,45.0
2251,36844.0,28296.0,26168.0,34752.0,45.02
2252,33920.0,25024.0,24840.0,36968.0,45.04
2253,31732.0,23940.0,25436.0,40948.0,45.06
2254,30360.0,24900.0,25148.0,42840.0,45.08
2255,30048.0,27320.0,25656.0,42728.0,45.1
2256,30528.0,30644.0,25904.0,42548.0,45.12
2257,31392.0,32588.0,27504.0,43136.0,45.14
2258,32992.0,31788.0,27833.0,42240.0,45.16
2259,35660.0,31920.0,29272.0,39228.0,45.18
2260,39016.0,34784.0,31096.0,36768.0,45.2
2261,42408.0,38396.0,9689.0,30544.0,45.22
2262,45000.0,39560.0,13610.0,29424.0,45.24
2263,45768.0,40072.0,24104.0,31392.0,45.26
2264,45332.0,40256.0,24285.0,30720.0,45.28
2265,45784.0,40276.0,26948.0,33264.0,45.3
2266,46824.0,43104.0,28960.0,33644.0,45.32
2267,46752.0,45956.0,21892.0,34152.0,45.34
2268,45560.0,48096.0,24864.0,30044.0,45.36
2269,44440.0,49796.0,27528.0,33624.0,45.38
2270,43712.0,49360.0,27308.0,33100.0,45.4
2271,43652.0,44952.0,27408.0,33128.0,45.42
2272,42752.0,40800.0,27576.0,33604.0,45.44
2273,40356.0,39060.0,27384.0,33272.0,45.46
2274,37792.0,35184.0,26928.0,32916.0,45.48
2275,36520.0,30544.0,26288.0,32892.0,45.5
2276,36352.0,26564.0,26968.0,32608.0,45.52
2277,36928.0,23344.0,27808.0,34180.0,45.54
2278,36944.0,21720.0,26768.0,34240.0,45.56
2279,36304.0,23756.0,24136.0,33088.0,45.58
2280,36232.0,27492.0,22652.0,31188.0,45.6
2281,37288.0,30476.0,20528.0,32448.0,45.62
2282,38252.0,34424.0,18380.0,29020.0,45.64
2283,37548.0,38692.0,17924.0,26504.0,45.66
2284,35432.0,42216.0,23154.0,33496.0,45.68
2285,34532.0,45088.0,32624.0,34808.0,45.7
2286,36092.0,47760.0,33856.0,28084.0,45.72
2287,39272.0,47720.0,33432.0,29752.0,45.74
2288,41744.0,43720.0,34092.0,27480.0,45.76
2289,42376.0,37696.0,35132.0,29080.0,45.78
2290,41444.0,33888.0,33984.0,29904.0,45.8
2291,39924.0,34380.0,32312.0,30920.0,45.82
2292,38304.0,32672.0,30664.0,32032.0,45.84
2293,36612.0,28336.0,29216.0,32640.0,45.86
2294,33816.0,24744.0,28392.0,33564.0,45.88
2295,29544.0,21472.0,26472.0,35456.0,45.9
2296,25760.0,18848.0,25928.0,37736.0,45.92
2297,22544.0,17272.0,25320.0,39980.0,45.94
2298,20108.0,16932.0,24240.0,42528.0,45.96
2299,19800.0,16569.0,24942.0,43824.0,45.98
2300,21996.0,16796.0,26660.0,44240.0,46.0
2301,25624.0,17804.0,28380.0,43216.0,46.02
2302,29932.0,19520.0,28788.0,42180.0,46.04
2303,34468.0,20696.0,28292.0,37140.0,46.06
2304,38504.0,21640.0,33456.0,36584.0,46.08
2305,41900.0,21428.0,35608.0,26764.0,46.1
2306,44164.0,19804.0,27344.0,31860.0,46.12
2307,44652.0,17152.0,23520.0,30688.0,46.14
2308,45280.0,15380.0,25776.0,31744.0,46.16
2309,47584.0,14684.0,28768.0,31984.0,46.18
2310,49528.0,12958.0,20124.0,33160.0,46.2
2311,49456.0,11472.0,25708.0,33248.0,46.22
2312,47464.0,10110.0,27032.0,33612.0,46.24
2313,44968.0,11056.0,26344.0,33064.0,46.26
2314,43384.0,12760.0,27248.0,32996.0,46.28
2315,42728.0,13964.0,27072.0,33252.0,46.3
2316,41420.0,14646.0,27352.0,33480.0,46.32
2317,39040.0,12616.0,27596.0,33796.0,46.34
2318,37160.0,10664.0,27724.0,33656.0,46.36
2319,36568.0,9252.0,27304.0,33832.0,46.38
2320,36064.0,8068.0,27192.0,33440.0,46.4
2321,35040.0,7180.0,27424.0,34096.0,46.42
2322,34644.0,6285.0,26716.0,34384.0,46.44
2323,34728.0,6193.0,24348.0,33572.0,46.46
2324,34624.0,7190.0,24116.0,31360.0,46.48
2325,34400.0,8469.0,24552.0,33636.0,46.5
2326,33976.0,11518.0,20730.0,32908.0,46.52
2327,34000.0,16748.0,18132.0,29376.0,46.54
2328,35564.0,23216.0,21048.0,27928.0,46.56
2329,39208.0,26896.0,24048.0,28564.0,46.58
2330,42692.0,26424.0,32368.0,30888.0,46.6
2331,45624.0,24808.0,33728.0,31552.0,46.62
2332,48096.0,23320.0,31376.0,28876.0,46.64
2333,49480.0,22488.0,31752.0,28712.0,46.66
2334,48704.0,24664.0,32016.0,31232.0,46.68
2335,45696.0,26948.0,31528.0,32148.0,46.7
2336,41816.0,27776.0,29656.0,32216.0,46.72
2337,38332.0,27752.0,27536.0,31520.0,46.74
2338,36004.0,26848.0,26620.0,33352.0,46.76
2339,34444.0,25616.0,26272.0,34616.0,46.78
2340,32968.0,24768.0,24388.0,34152.0,46.8
2341,31124.0,23784.0,24596.0,35008.0,46.82
2342,28388.0,22432.0,23520.0,35144.0,46.84
2343,25368.0,20160.0,22620.0,35644.0,46.86
2344,23160.0,18278.0,21408.0,36220.0,46.88
2345,21596.0,17130.0,22476.0,36736.0,46.9
2346,20136.0,16000.0,25802.0,35352.0,46.92
2347,18784.0,14712.0,27484.0,34040.0,46.94
2348,17748.0,12976.0,16998.0,49992.0,46.96
2349,17258.0,11288.0,25080.0,30408.0,46.98
2350,17084.0,9776.0,26704.0,29096.0,47.0
2351,16900.0,8444.0,26728.0,31720.0,47.02
2352,16676.0,7692.0,27616.0,32560.0,47.04
2353,17088.0,7778.0,26192.0,33576.0,47.06
2354,18528.0,7076.0,26048.0,30896.0,47.08
2355,19424.0,6085.0,27296.0,32968.0,47.1
2356,18324.0,5354.0,27488.0,32640.0,47.12
2357,15996.0,5960.0,27408.0,33120.0,47.14
2358,14072.0,9544.0,27296.0,33236.0,47.16
2359,12416.0,14320.0,27356.0,33160.0,47.18
2360,10986.0,19436.0,27356.0,32864.0,47.2
2361,9816.0,24772.0,27392.0,32916.0,47.22
2362,8768.0,29884.0,27384.0,33273.0,47.24
2363,8128.0,34356.0,27300.0,32960.0,47.26
